aX,aY,aZ,gX,gY,gZ
1.466,0.615,0.577,75.500,-23.865,86.426
1.489,0.679,0.575,78.125,-20.630,80.872
1.550,0.745,0.592,79.285,-18.494,75.867
1.621,0.825,0.625,78.003,-15.625,73.792
1.753,0.905,0.646,75.806,-10.925,70.190
1.873,0.960,0.652,73.120,-5.554,63.171
1.909,1.000,0.636,70.496,0.610,54.688
1.934,1.029,0.621,70.374,9.766,44.739
1.909,1.024,0.618,67.810,15.686,31.738
1.837,0.994,0.624,65.735,21.729,20.081
1.773,0.959,0.615,64.880,26.794,10.498
1.740,0.938,0.597,63.293,31.616,2.502
1.707,0.924,0.569,59.082,37.720,-2.625
1.654,0.913,0.531,53.162,44.128,-7.629
1.589,0.888,0.504,46.326,49.500,-13.000
1.538,0.867,0.497,39.551,54.199,-16.846
1.474,0.847,0.496,34.790,58.838,-19.836
1.410,0.818,0.494,32.532,62.683,-23.987
1.336,0.782,0.463,32.593,65.369,-30.579
1.258,0.752,0.408,33.203,68.115,-36.438
1.182,0.746,0.341,31.433,71.472,-39.673
1.093,0.719,0.281,27.771,74.951,-42.053
1.006,0.660,0.259,23.193,77.759,-43.762
0.939,0.646,0.217,18.250,79.529,-44.617
0.835,0.604,0.175,14.099,78.613,-47.546
0.771,0.566,0.144,8.667,76.660,-47.729
0.718,0.534,0.135,2.991,74.097,-45.349
0.686,0.501,0.148,-0.122,71.594,-43.152
0.655,0.478,0.164,-1.221,68.542,-42.114
0.620,0.477,0.172,0.061,64.514,-42.786
0.588,0.490,0.153,1.282,59.875,-44.495
0.563,0.498,0.127,0.427,55.847,-45.776
0.524,0.511,0.104,-2.319,52.307,-44.800
0.531,0.516,0.104,-5.737,48.828,-43.396
0.538,0.519,0.097,-8.972,46.509,-43.640
0.498,0.501,0.094,-9.827,44.678,-44.800
0.483,0.522,0.075,-11.414,42.969,-43.457
0.468,0.539,0.069,-15.259,41.077,-40.466
0.433,0.531,0.076,-20.447,38.696,-37.842
0.430,0.505,0.091,-24.780,34.851,-37.048
0.416,0.481,0.099,-25.513,30.029,-37.415
0.364,0.438,0.116,-23.560,23.804,-38.025
0.338,0.426,0.122,-20.447,16.724,-37.903
0.349,0.462,0.110,-19.653,10.986,-36.804
0.356,0.453,0.106,-21.362,7.507,-37.903
0.322,0.444,0.100,-23.010,5.188,-37.903
0.310,0.461,0.080,-25.513,3.174,-34.973
0.313,0.470,0.074,-30.090,0.671,-32.776
0.310,0.449,0.090,-34.851,-2.441,-30.273
0.344,0.425,0.097,-39.795,-4.395,-27.588
0.377,0.398,0.094,-43.030,-5.676,-24.475
0.387,0.397,0.077,-43.945,-5.615,-20.508
0.390,0.415,0.051,-45.166,-5.432,-17.212
0.389,0.401,0.020,-47.363,-6.531,-14.709
0.429,0.340,0.011,-49.683,-9.583,-14.587
0.429,0.284,0.010,-50.903,-13.672,-14.343
0.457,0.259,0.016,-52.429,-17.273,-12.207
0.457,0.219,0.037,-55.054,-20.325,-11.108
0.450,0.167,0.069,-57.373,-23.743,-9.705
0.476,0.146,0.104,-58.105,-27.405,-8.362
0.494,0.158,0.120,-57.190,-30.884,-7.568
0.535,0.146,0.109,-55.969,-34.241,-7.812
0.590,0.089,0.128,-54.321,-38.635,-10.864
0.636,0.046,0.134,-51.636,-42.053,-13.428
0.703,0.039,0.100,-49.011,-42.847,-14.404
0.697,0.050,0.080,-48.767,-42.908,-14.343
0.706,0.052,0.096,-52.429,-43.945,-12.634
0.736,0.047,0.140,-56.091,-47.729,-12.695
0.772,0.054,0.207,-57.556,-52.063,-13.306
0.868,-0.027,0.231,-56.763,-57.495,-19.531
0.912,-0.132,0.281,-52.856,-61.890,-26.672
0.959,-0.167,0.291,-47.913,-64.514,-28.992
1.016,-0.156,0.288,-43.396,-63.843,-30.212
1.009,-0.154,0.319,-43.152,-61.462,-29.175
1.071,-0.177,0.383,-46.448,-58.350,-27.161
1.150,-0.153,0.433,-48.218,-54.993,-26.428
1.151,-0.148,0.455,-48.950,-49.805,-26.672
1.214,-0.254,0.486,-48.340,-43.518,-29.968
1.215,-0.299,0.465,-45.959,-40.222,-29.846
1.226,-0.295,0.431,-40.649,-36.499,-29.663
1.231,-0.279,0.428,-37.720,-34.546,-31.494
1.252,-0.247,0.454,-37.720,-31.189,-29.785
1.268,-0.234,0.495,-38.879,-27.344,-28.259
1.276,-0.238,0.509,-38.757,-23.437,-28.198
1.295,-0.292,0.496,-35.339,-20.081,-30.396
1.301,-0.327,0.448,-30.090,-16.724,-32.532
1.293,-0.318,0.382,-26.550,-12.390,-30.457
1.287,-0.307,0.331,-25.513,-8.301,-26.733
1.284,-0.312,0.322,-26.489,-5.676,-24.475
1.267,-0.317,0.339,-27.039,-4.333,-23.437
1.252,-0.344,0.364,-25.513,-3.967,-24.414
1.243,-0.381,0.373,-22.095,-3.845,-27.100
1.201,-0.414,0.366,-17.639,-3.601,-28.870
1.156,-0.430,0.353,-14.526,-2.319,-26.917
1.130,-0.428,0.352,-12.268,-0.366,-22.217
1.102,-0.406,0.333,-10.803,2.686,-16.235
1.068,-0.365,0.290,-9.766,5.859,-9.583
1.036,-0.339,0.259,-10.254,7.874,-5.737
0.990,-0.328,0.240,-10.681,6.836,-4.517
0.969,-0.340,0.251,-10.071,3.784,-4.333
0.971,-0.317,0.256,-8.057,0.366,-4.150
0.962,-0.302,0.270,-5.798,-1.465,-3.296
0.980,-0.302,0.302,-3.784,0.122,-1.404
0.974,-0.283,0.309,-0.977,2.563,0.916
0.975,-0.240,0.289,2.930,5.981,3.113
0.963,-0.192,0.250,4.578,7.751,3.967
0.961,-0.178,0.226,3.601,8.240,4.211
0.956,-0.174,0.214,2.441,7.996,5.127
0.946,-0.165,0.201,1.770,5.920,5.981
0.938,-0.150,0.194,1.404,2.808,5.798
0.945,-0.122,0.191,1.221,-0.366,5.676
0.943,-0.091,0.191,-0.244,-2.869,5.920
0.960,-0.091,0.223,-2.563,-3.540,6.958
0.965,-0.091,0.258,-3.296,-2.441,9.094
0.980,-0.093,0.289,-2.258,-0.732,10.254
0.990,-0.056,0.279,0.366,1.343,10.681
0.982,-0.032,0.261,1.465,3.479,11.169
0.966,-0.023,0.245,0.549,5.249,11.353
0.953,-0.030,0.240,-0.732,5.249,11.597

1.366,0.611,0.598,68.054,-27.893,95.337
1.387,0.538,0.608,76.050,-28.381,83.252
1.358,0.604,0.557,81.543,-36.926,72.388
1.398,0.644,0.568,87.341,-40.649,66.895
1.483,0.704,0.604,84.473,-44.800,65.002
1.573,0.810,0.635,79.590,-42.725,64.392
1.660,0.850,0.674,74.463,-36.011,60.669
1.740,0.898,0.677,69.824,-27.039,56.763
1.750,0.919,0.658,67.322,-17.090,52.734
1.733,0.929,0.633,66.162,-8.423,47.607
1.725,0.940,0.618,65.002,-1.404,43.518
1.715,1.008,0.585,61.218,4.822,42.664
1.768,1.094,0.570,53.772,12.024,39.856
1.781,1.115,0.555,43.884,18.738,33.875
1.853,1.092,0.618,34.546,26.062,28.992
1.745,1.157,0.527,28.259,26.794,19.287
1.802,1.110,0.565,29.968,36.499,11.902
1.720,1.111,0.538,24.963,41.382,5.432
1.654,1.049,0.527,22.034,47.974,-4.089
1.530,0.988,0.499,18.311,54.626,-10.986
1.445,0.939,0.463,13.855,59.998,-15.991
1.338,0.868,0.430,9.705,63.660,-21.240
1.230,0.799,0.387,5.798,62.927,-27.466
1.164,0.750,0.380,3.418,61.951,-31.982
1.100,0.720,0.384,1.038,62.988,-35.400
1.032,0.682,0.387,-2.686,67.017,-37.598
0.951,0.657,0.371,-6.958,72.205,-37.598
0.880,0.615,0.346,-11.108,76.965,-36.804
0.800,0.591,0.313,-13.855,78.430,-36.560
0.742,0.580,0.285,-15.137,76.660,-36.926
0.690,0.558,0.255,-15.137,73.669,-38.757
0.638,0.550,0.237,-15.137,71.533,-40.405
0.622,0.591,0.196,-16.785,71.045,-40.466
0.584,0.598,0.176,-21.423,70.923,-41.870
0.508,0.570,0.161,-26.672,69.763,-44.250
0.434,0.526,0.168,-29.663,66.956,-44.678
0.374,0.513,0.185,-30.518,62.927,-42.969
0.349,0.500,0.201,-29.663,56.946,-43.274
0.319,0.480,0.182,-27.222,49.988,-46.448
0.294,0.453,0.154,-24.475,43.457,-49.805
0.266,0.459,0.116,-22.949,37.231,-50.415
0.259,0.467,0.082,-22.644,31.372,-51.697
0.223,0.427,0.072,-25.146,26.306,-51.575
0.209,0.406,0.066,-28.992,22.888,-48.340
0.196,0.408,0.058,-32.532,19.165,-45.166
0.175,0.390,0.058,-34.851,14.832,-43.396
0.160,0.358,0.076,-36.743,9.399,-41.870
0.148,0.350,0.087,-37.598,2.502,-39.612
0.197,0.318,0.087,-37.109,-4.272,-39.246
0.229,0.292,0.078,-36.499,-9.827,-39.001
0.253,0.293,0.071,-37.415,-13.550,-35.278
0.271,0.286,0.093,-39.917,-15.991,-29.785
0.279,0.242,0.149,-42.175,-18.494,-24.170
0.284,0.219,0.213,-42.725,-22.034,-19.653
0.323,0.231,0.254,-43.213,-25.635,-17.639
0.414,0.204,0.253,-45.898,-27.283,-21.912
0.396,0.067,0.258,-47.485,-26.611,-27.771
0.407,-0.021,0.210,-46.814,-23.804,-25.085
0.475,-0.007,0.147,-44.067,-22.644,-20.142
0.516,0.052,0.093,-41.260,-22.705,-15.869
0.556,0.092,0.062,-39.795,-23.254,-14.099
0.595,0.118,0.050,-40.222,-24.536,-13.306
0.631,0.104,0.053,-41.260,-26.611,-12.634
0.670,0.094,0.069,-40.710,-30.151,-14.465
0.708,0.097,0.083,-40.283,-33.386,-15.015
0.788,0.082,0.102,-38.696,-34.607,-15.442
0.842,0.064,0.091,-36.316,-34.973,-16.235
0.914,0.091,0.063,-35.217,-32.227,-14.465
0.915,0.108,0.067,-35.889,-30.884,-14.038
0.942,0.116,0.101,-37.048,-30.151,-15.564
0.967,0.133,0.130,-38.330,-29.236,-18.494
0.978,0.107,0.149,-39.307,-29.541,-23.193
1.001,0.014,0.168,-38.940,-30.029,-28.687
1.008,-0.063,0.187,-37.537,-31.189,-33.447
1.033,-0.083,0.169,-34.851,-32.532,-35.767
1.024,-0.087,0.155,-33.569,-33.691,-34.363
1.060,-0.106,0.167,-34.058,-34.485,-33.264
1.084,-0.113,0.202,-34.790,-35.095,-32.410
1.118,-0.118,0.210,-34.668,-34.790,-31.006
1.123,-0.196,0.228,-33.813,-33.020,-31.616
1.106,-0.290,0.236,-32.043,-29.724,-28.748
1.135,-0.307,0.201,-30.151,-25.635,-22.278
1.183,-0.269,0.175,-30.701,-23.071,-17.151
1.201,-0.250,0.181,-34.119,-21.423,-15.198
1.214,-0.275,0.216,-38.025,-20.264,-15.137
1.208,-0.301,0.253,-40.405,-19.592,-14.221
1.208,-0.332,0.294,-39.978,-19.043,-11.597
1.247,-0.352,0.312,-37.170,-18.738,-10.803
1.305,-0.355,0.325,-34.180,-18.311,-11.230
1.335,-0.348,0.337,-30.945,-16.846,-11.841
1.324,-0.337,0.338,-28.992,-13.123,-11.230
1.290,-0.342,0.348,-28.625,-8.850,-8.484
1.261,-0.340,0.369,-28.198,-5.798,-5.188
1.242,-0.308,0.372,-27.649,-4.089,-2.747
1.210,-0.293,0.374,-26.794,-4.639,-2.686
1.176,-0.304,0.383,-25.452,-6.592,-4.028
1.136,-0.317,0.373,-23.254,-9.155,-5.371
1.106,-0.346,0.379,-19.592,-12.207,-6.714
1.099,-0.351,0.389,-14.282,-14.099,-7.324
1.092,-0.332,0.404,-8.423,-13.489,-6.042
1.086,-0.292,0.402,-3.845,-11.353,-4.517
1.063,-0.260,0.389,-1.404,-7.690,-2.991
1.023,-0.251,0.372,-0.549,-3.296,0.183
0.980,-0.241,0.346,0.549,0.305,4.578
0.964,-0.209,0.310,1.526,1.709,8.667
0.959,-0.155,0.282,1.587,1.099,10.742
0.962,-0.109,0.262,0.671,-0.305,10.620
0.966,-0.092,0.262,-0.488,-2.014,8.911
0.960,-0.069,0.273,-0.427,-3.601,7.812
0.990,-0.036,0.284,1.160,-4.028,6.348
0.998,-0.018,0.291,2.625,-2.869,4.089
0.992,-0.008,0.275,4.150,-0.366,2.075
0.965,-0.004,0.257,4.578,1.831,0.977
0.947,0.005,0.242,3.723,3.479,2.319
0.949,0.027,0.232,2.014,3.540,3.357
0.968,0.037,0.238,0.122,2.625,3.418
0.961,0.029,0.245,-1.587,2.502,2.625
0.951,0.016,0.245,-1.770,1.404,1.099
0.925,0.008,0.245,-1.099,0.061,-0.488

1.381,0.820,0.577,71.472,-37.048,86.548
1.458,0.892,0.609,73.853,-36.011,81.970
1.536,0.996,0.613,75.562,-33.936,75.928
1.618,1.124,0.602,74.158,-29.724,71.899
1.718,1.196,0.620,70.435,-21.973,69.580
1.788,1.308,0.606,62.927,-12.207,67.200
1.841,1.371,0.595,56.763,-1.404,60.852
1.844,1.387,0.592,48.157,6.958,52.856
1.812,1.378,0.575,40.344,13.855,42.786
1.774,1.326,0.585,36.377,19.226,31.555
1.766,1.338,0.573,32.043,23.437,23.071
1.738,1.255,0.639,27.222,26.611,14.282
1.613,1.318,0.548,20.630,25.513,1.404
1.628,1.213,0.602,19.348,36.316,-3.601
1.546,1.203,0.583,9.949,39.307,-9.705
1.488,1.123,0.581,5.798,46.631,-17.944
1.392,1.027,0.555,3.235,56.519,-25.146
1.317,0.932,0.516,-0.610,65.552,-29.846
1.193,0.870,0.458,-4.944,71.045,-33.813
1.059,0.807,0.389,-9.583,73.792,-36.316
0.972,0.758,0.317,-14.526,74.890,-37.476
0.892,0.706,0.263,-19.409,72.693,-37.720
0.842,0.672,0.241,-23.743,69.519,-37.170
0.808,0.668,0.245,-25.391,66.589,-37.720
0.807,0.687,0.250,-25.757,64.880,-40.894
0.768,0.696,0.250,-25.940,65.186,-45.593
0.712,0.699,0.239,-27.893,67.139,-48.218
0.649,0.690,0.219,-33.569,70.129,-47.668
0.560,0.658,0.204,-38.879,72.754,-46.509
0.476,0.630,0.180,-42.480,72.571,-45.593
0.410,0.618,0.163,-42.419,68.848,-46.570
0.348,0.584,0.161,-40.344,61.157,-50.293
0.302,0.543,0.177,-36.499,51.453,-55.298
0.273,0.512,0.193,-32.227,43.518,-59.143
0.236,0.474,0.210,-28.687,37.231,-62.378
0.186,0.450,0.215,-26.733,32.715,-63.538
0.131,0.432,0.191,-28.320,29.846,-61.096
0.094,0.380,0.175,-30.090,27.649,-57.007
0.065,0.346,0.152,-30.518,25.513,-52.246
0.037,0.348,0.118,-29.968,21.240,-48.157
0.032,0.359,0.091,-28.931,14.221,-46.814
0.024,0.368,0.090,-28.503,5.859,-46.875
0.040,0.382,0.109,-30.457,-2.197,-45.166
0.083,0.384,0.141,-32.227,-8.057,-43.457
0.099,0.376,0.173,-33.508,-10.559,-41.687
0.100,0.400,0.177,-37.537,-12.878,-39.185
0.113,0.379,0.164,-41.260,-16.357,-38.330
0.170,0.272,0.149,-42.603,-18.921,-38.391
0.219,0.169,0.141,-42.419,-18.921,-35.706
0.239,0.108,0.123,-40.161,-16.968,-28.015
0.253,0.106,0.084,-36.865,-15.442,-19.592
0.314,0.142,0.012,-33.752,-15.198,-12.451
0.388,0.170,-0.049,-31.433,-16.418,-7.935
0.438,0.159,-0.104,-31.372,-18.921,-5.554
0.504,0.151,-0.148,-34.668,-21.179,-2.625
0.558,0.141,-0.164,-39.001,-23.437,2.258
0.601,0.136,-0.140,-42.297,-25.757,7.996
0.664,0.152,-0.123,-41.687,-28.931,10.193
0.726,0.175,-0.123,-38.757,-33.875,7.202
0.777,0.162,-0.098,-37.109,-38.940,1.587
0.857,0.129,-0.051,-36.682,-42.419,-2.014
0.956,0.126,0.009,-36.438,-44.250,-3.845
1.014,0.102,0.069,-36.133,-44.312,-5.920
1.069,0.075,0.102,-35.095,-42.358,-7.690
1.119,0.064,0.120,-34.485,-40.405,-9.399
1.147,0.078,0.123,-35.706,-39.368,-11.658
1.202,0.048,0.162,-39.246,-39.429,-16.235
1.273,-0.015,0.227,-41.077,-39.368,-22.949
1.271,-0.073,0.258,-39.368,-39.734,-30.457
1.272,-0.163,0.281,-34.668,-39.978,-38.147
1.292,-0.218,0.285,-29.663,-39.124,-42.603
1.302,-0.249,0.287,-26.550,-38.330,-42.725
1.318,-0.251,0.311,-24.841,-36.560,-40.161
1.357,-0.220,0.328,-24.597,-34.302,-37.903
1.364,-0.214,0.335,-25.574,-32.104,-37.781
1.347,-0.246,0.353,-27.405,-29.968,-38.025
1.321,-0.296,0.376,-28.320,-28.503,-37.903
1.307,-0.322,0.370,-27.405,-26.917,-36.316
1.274,-0.354,0.369,-26.062,-25.574,-33.630
1.253,-0.368,0.370,-23.804,-24.780,-30.334
1.205,-0.334,0.346,-20.996,-25.208,-26.978
1.198,-0.309,0.339,-19.287,-25.696,-24.048
1.200,-0.255,0.334,-18.799,-25.024,-20.813
1.183,-0.210,0.322,-19.348,-23.499,-17.883
1.162,-0.225,0.318,-19.348,-21.362,-16.907
1.174,-0.241,0.318,-16.968,-18.616,-16.541
1.158,-0.227,0.303,-13.062,-14.832,-14.526
1.133,-0.203,0.290,-9.644,-11.902,-12.512
1.113,-0.167,0.281,-8.057,-9.949,-10.376
1.106,-0.126,0.281,-7.385,-9.094,-8.484
1.091,-0.112,0.294,-7.080,-7.996,-7.812
1.083,-0.097,0.291,-6.226,-5.920,-7.568
1.071,-0.098,0.287,-5.249,-4.272,-8.301
1.051,-0.099,0.289,-4.272,-3.174,-8.484
1.027,-0.087,0.281,-2.991,-3.418,-9.216
1.014,-0.074,0.276,-1.709,-4.028,-10.376
1.007,-0.068,0.278,-1.343,-3.845,-10.315
1.017,-0.073,0.299,-1.282,-1.953,-8.850
1.001,-0.047,0.287,-0.671,0.610,-6.226
0.985,-0.038,0.266,-0.854,3.479,-4.578
0.969,-0.033,0.257,-1.709,5.371,-2.502
0.957,-0.023,0.249,-2.747,6.287,-0.610
0.960,-0.006,0.246,-2.930,6.348,0.732
0.963,0.012,0.247,-2.747,5.310,0.977
0.964,0.029,0.244,-2.930,4.211,-0.366
0.958,0.023,0.243,-2.686,2.686,-2.258
0.966,0.007,0.243,-1.404,1.648,-3.845
0.968,0.001,0.242,1.221,0.854,-5.432
0.961,0.007,0.234,3.906,0.549,-6.409
0.959,0.015,0.234,5.798,0.244,-7.629
0.975,0.034,0.240,5.920,0.244,-7.263
0.974,0.043,0.238,4.028,1.343,-6.409
0.964,0.018,0.234,1.709,3.296,-5.188
0.948,0.010,0.214,0.183,4.211,-4.089
0.935,0.001,0.207,0.183,3.113,-3.357
0.933,-0.006,0.219,0.183,1.587,-3.052
0.947,-0.015,0.247,0.244,0.244,-2.686
0.958,-0.010,0.263,1.221,0.610,-2.075
0.955,-0.012,0.266,2.197,1.465,-2.014

1.380,0.752,0.595,54.260,-40.405,80.383
1.443,0.777,0.621,56.030,-36.621,75.378
1.531,0.853,0.620,57.007,-33.997,71.167
1.589,0.933,0.617,58.044,-29.175,67.871
1.657,1.026,0.624,56.091,-23.499,65.796
1.726,1.134,0.637,53.467,-18.005,64.270
1.815,1.221,0.649,51.331,-12.695,62.012
1.790,1.260,0.722,47.363,-10.193,56.458
1.888,1.336,0.740,45.410,-7.996,45.898
1.851,1.369,0.744,44.800,5.127,41.382
1.859,1.350,0.737,38.025,13.977,30.396
1.781,1.289,0.725,33.752,25.330,20.142
1.687,1.242,0.690,31.006,32.776,8.728
1.598,1.194,0.657,29.480,38.757,-0.977
1.510,1.149,0.608,25.208,44.128,-8.057
1.413,1.079,0.569,18.860,49.072,-12.817
1.312,1.002,0.538,11.292,53.101,-15.930
1.255,0.943,0.511,6.653,57.617,-20.142
1.174,0.894,0.472,5.188,61.829,-25.146
1.081,0.852,0.419,3.235,65.063,-29.541
1.005,0.810,0.372,-0.671,67.932,-32.471
0.928,0.763,0.334,-5.737,69.824,-34.058
0.832,0.713,0.306,-10.071,70.190,-34.424
0.762,0.692,0.286,-12.268,67.688,-34.912
0.722,0.693,0.279,-13.855,63.965,-36.438
0.694,0.675,0.293,-15.991,61.584,-38.208
0.671,0.673,0.288,-18.555,60.303,-39.978
0.639,0.656,0.277,-20.508,61.035,-42.847
0.558,0.629,0.252,-22.217,62.073,-45.776
0.487,0.587,0.234,-24.658,62.927,-46.692
0.411,0.540,0.224,-26.794,61.829,-45.959
0.359,0.511,0.216,-27.222,59.204,-44.739
0.307,0.496,0.194,-26.306,54.688,-44.189
0.233,0.467,0.180,-25.330,49.622,-44.861
0.161,0.441,0.176,-24.475,44.006,-43.945
0.127,0.431,0.182,-24.414,37.598,-43.457
0.130,0.412,0.184,-23.315,31.433,-45.166
0.129,0.400,0.158,-23.437,28.564,-44.556
0.115,0.386,0.115,-26.672,27.954,-40.039
0.109,0.381,0.076,-31.799,28.015,-32.715
0.099,0.390,0.029,-36.255,26.733,-25.757
0.124,0.398,-0.014,-37.964,23.560,-22.095
0.138,0.407,-0.065,-37.537,17.578,-22.034
0.150,0.406,-0.096,-36.133,9.338,-23.010
0.202,0.404,-0.113,-35.706,0.549,-23.499
0.236,0.380,-0.103,-37.048,-6.409,-23.071
0.274,0.336,-0.074,-38.940,-12.085,-21.423
0.333,0.258,-0.021,-39.001,-15.625,-19.836
0.358,0.237,0.002,-36.682,-17.029,-17.578
0.359,0.256,-0.005,-34.180,-18.799,-15.320
0.381,0.253,-0.010,-35.156,-20.691,-13.550
0.401,0.235,-0.013,-39.612,-22.888,-9.888
0.469,0.220,-0.028,-44.617,-24.048,-4.883
0.511,0.212,-0.028,-47.546,-24.353,-0.793
0.540,0.216,-0.022,-48.523,-25.574,1.648
0.571,0.226,-0.006,-47.119,-28.748,1.465
0.616,0.212,0.008,-44.739,-32.043,-0.305
0.663,0.207,0.029,-42.542,-35.400,-2.197
0.703,0.220,0.047,-41.565,-38.208,-3.845
0.774,0.235,0.069,-41.931,-40.283,-6.348
0.821,0.249,0.090,-43.030,-41.748,-8.240
0.868,0.239,0.118,-45.105,-42.114,-9.094
0.913,0.233,0.144,-46.326,-42.603,-11.475
0.967,0.248,0.156,-45.898,-43.396,-15.076
1.017,0.241,0.182,-44.312,-44.312,-21.667
1.055,0.196,0.224,-41.687,-45.044,-29.419
1.101,0.151,0.248,-38.818,-44.373,-36.133
1.098,0.110,0.261,-37.231,-42.847,-41.565
1.075,0.078,0.278,-36.743,-42.175,-45.593
1.082,0.039,0.299,-37.903,-42.480,-48.035
1.113,-0.017,0.314,-38.086,-42.603,-49.866
1.164,-0.051,0.323,-36.926,-42.297,-51.514
1.204,-0.076,0.320,-35.645,-40.894,-52.673
1.207,-0.127,0.320,-34.363,-38.513,-54.321
1.186,-0.181,0.333,-31.982,-37.109,-56.396
1.180,-0.202,0.339,-28.809,-36.316,-58.167
1.179,-0.206,0.333,-27.344,-35.034,-59.204
1.157,-0.237,0.332,-28.320,-32.593,-57.678
1.179,-0.283,0.326,-30.579,-28.870,-53.711
1.194,-0.306,0.320,-32.166,-25.635,-49.438
1.205,-0.314,0.317,-31.250,-23.010,-45.349
1.194,-0.297,0.301,-29.419,-20.874,-41.931
1.168,-0.266,0.281,-28.442,-20.081,-38.574
1.151,-0.259,0.281,-29.236,-20.447,-35.645
1.162,-0.279,0.304,-29.541,-20.813,-33.386
1.183,-0.315,0.339,-26.978,-19.653,-32.471
1.165,-0.329,0.342,-21.423,-17.517,-31.738
1.166,-0.336,0.345,-16.418,-15.015,-30.884
1.159,-0.326,0.339,-12.878,-11.536,-29.236
1.131,-0.310,0.324,-11.475,-7.935,-26.245
1.098,-0.291,0.309,-10.925,-5.249,-22.888
1.076,-0.268,0.303,-10.437,-4.639,-20.508
1.074,-0.258,0.315,-9.949,-4.761,-17.883
1.079,-0.255,0.316,-9.460,-4.211,-15.869
1.057,-0.264,0.308,-7.935,-3.296,-14.771
1.033,-0.282,0.299,-4.639,-1.953,-11.902
0.988,-0.222,0.271,-3.906,-3.235,-11.780
1.007,-0.217,0.273,1.892,-4.639,-14.648
0.976,-0.158,0.240,2.502,-2.686,-8.423
0.993,-0.145,0.245,0.854,-2.258,-5.188
0.996,-0.141,0.259,-0.366,-0.916,-1.648
0.999,-0.128,0.265,0.183,0.305,1.526
0.995,-0.096,0.261,1.770,0.122,1.770
1.000,-0.073,0.266,3.235,0.366,0.977
0.998,-0.059,0.267,3.845,1.465,0.549
1.002,-0.049,0.273,3.784,3.357,1.282
0.997,-0.031,0.266,3.723,4.517,2.319
0.992,-0.014,0.248,3.601,5.371,2.930
0.988,-0.012,0.243,3.357,5.249,3.235
0.994,-0.010,0.251,3.296,4.211,3.052
1.001,0.003,0.250,4.150,3.540,1.831
0.998,0.013,0.247,4.639,3.906,0.732
0.993,0.031,0.239,4.028,4.333,0.122
0.980,0.021,0.245,2.380,5.005,0.366
0.966,0.006,0.249,0.610,6.042,1.526
0.964,-0.005,0.251,0.854,5.432,1.587
0.972,-0.006,0.260,2.747,3.967,0.427
0.985,0.015,0.258,4.639,2.563,-1.404
0.982,0.015,0.255,5.310,2.563,-2.991

1.255,0.795,0.574,66.467,-41.687,81.360
1.318,0.847,0.571,63.599,-36.987,79.712
1.371,0.900,0.591,60.730,-31.738,77.576
1.451,1.017,0.613,56.458,-27.405,76.782
1.524,1.148,0.632,52.124,-22.461,75.867
1.583,1.223,0.659,50.049,-18.250,70.740
1.636,1.265,0.684,49.866,-14.587,61.768
1.711,1.258,0.769,50.110,-11.536,50.720
1.675,1.315,0.700,48.401,-14.099,34.485
1.730,1.309,0.739,49.805,-3.052,29.419
1.696,1.336,0.711,42.236,6.653,24.597
1.670,1.309,0.713,33.020,15.625,18.127
1.617,1.286,0.688,24.475,24.658,12.268
1.573,1.207,0.680,18.677,31.250,3.845
1.499,1.125,0.657,16.968,36.804,-4.395
1.423,1.049,0.630,17.212,40.161,-12.817
1.356,0.980,0.606,17.395,43.396,-20.081
1.265,0.904,0.573,13.916,47.668,-23.987
1.184,0.857,0.527,8.057,53.040,-23.926
1.108,0.821,0.498,3.723,56.519,-24.780
1.028,0.775,0.466,0.122,57.373,-27.466
0.974,0.726,0.440,-3.723,56.580,-30.273
0.918,0.670,0.438,-6.531,55.542,-32.654
0.875,0.643,0.422,-10.315,55.664,-33.691
0.806,0.605,0.398,-14.282,56.641,-33.630
0.766,0.598,0.381,-17.090,58.960,-31.982
0.731,0.624,0.341,-19.287,60.547,-30.151
0.703,0.652,0.288,-20.935,61.096,-29.419
0.684,0.689,0.222,-22.644,60.852,-29.602
0.658,0.713,0.170,-25.513,59.631,-31.738
0.633,0.695,0.151,-28.564,57.800,-35.522
0.588,0.671,0.132,-31.067,55.542,-38.879
0.529,0.655,0.120,-34.302,53.101,-40.100
0.491,0.625,0.132,-36.865,51.331,-40.161
0.447,0.606,0.141,-38.086,49.194,-39.856
0.403,0.587,0.131,-37.598,45.532,-41.382
0.363,0.589,0.122,-34.729,40.649,-44.800
0.349,0.584,0.132,-30.884,34.485,-49.133
0.342,0.562,0.138,-28.381,29.480,-53.955
0.318,0.509,0.129,-28.687,27.100,-55.908
0.277,0.459,0.113,-32.593,26.611,-53.101
0.238,0.418,0.101,-35.522,24.353,-50.110
0.214,0.362,0.110,-35.095,20.386,-48.523
0.203,0.362,0.107,-32.593,14.893,-47.119
0.211,0.383,0.112,-30.518,9.277,-45.288
0.226,0.373,0.136,-30.029,3.967,-43.091
0.250,0.348,0.142,-32.043,0.732,-40.222
0.302,0.321,0.138,-33.813,2.014,-36.438
0.304,0.314,0.092,-35.889,3.967,-32.898
0.304,0.310,0.057,-37.292,5.554,-29.358
0.293,0.301,0.035,-37.598,4.517,-26.428
0.295,0.291,0.038,-38.635,0.977,-23.499
0.329,0.259,0.059,-38.635,-3.540,-21.667
0.362,0.228,0.094,-36.865,-7.568,-20.935
0.373,0.198,0.121,-34.790,-11.597,-20.142
0.413,0.219,0.128,-33.386,-14.343,-19.104
0.460,0.242,0.117,-32.410,-15.564,-19.592
0.489,0.183,0.088,-32.532,-14.832,-21.545
0.501,0.115,0.047,-32.410,-13.428,-22.461
0.488,0.072,0.004,-32.715,-14.709,-21.057
0.514,0.049,-0.020,-33.813,-19.043,-18.372
0.553,0.059,-0.022,-35.278,-23.926,-15.869
0.621,0.080,-0.011,-36.499,-29.724,-15.320
0.659,0.100,0.019,-36.438,-34.790,-16.968
0.709,0.104,0.050,-35.034,-38.208,-18.799
0.762,0.098,0.077,-32.593,-39.978,-20.447
0.798,0.074,0.098,-30.701,-40.955,-22.034
0.878,0.067,0.112,-29.297,-41.138,-22.827
0.924,0.103,0.114,-29.114,-41.504,-23.560
0.980,0.118,0.120,-30.701,-42.786,-26.245
1.007,0.091,0.167,-32.104,-43.396,-29.419
1.055,0.086,0.230,-32.776,-43.579,-30.945
1.125,0.107,0.260,-31.433,-42.725,-33.997
1.184,0.091,0.312,-29.053,-39.551,-38.452
1.199,0.062,0.319,-27.649,-36.377,-43.091
1.230,0.019,0.314,-27.466,-32.532,-47.241
1.221,-0.046,0.311,-26.733,-29.968,-51.147
1.222,-0.108,0.335,-25.330,-28.137,-53.101
1.218,-0.136,0.349,-24.109,-27.100,-53.589
1.233,-0.150,0.353,-23.865,-25.635,-52.673
1.254,-0.182,0.352,-26.001,-23.376,-49.866
1.285,-0.223,0.352,-27.893,-18.921,-45.105
1.277,-0.251,0.351,-26.367,-13.672,-40.833
1.276,-0.255,0.350,-24.231,-9.521,-37.292
1.245,-0.237,0.335,-21.912,-6.531,-35.767
1.218,-0.233,0.325,-20.508,-5.554,-36.255
1.199,-0.252,0.326,-20.264,-5.737,-36.804
1.195,-0.279,0.325,-20.142,-6.409,-36.377
1.200,-0.309,0.327,-19.165,-5.432,-33.630
1.198,-0.322,0.324,-16.846,-3.418,-30.518
1.186,-0.323,0.319,-13.123,-0.977,-27.588
1.152,-0.299,0.299,-9.583,0.732,-24.963
1.125,-0.276,0.274,-8.057,1.770,-22.522
1.107,-0.248,0.257,-6.958,2.930,-18.555
1.079,-0.212,0.241,-7.202,2.686,-14.771
1.064,-0.201,0.243,-7.690,1.526,-13.428
1.077,-0.215,0.250,-6.653,1.709,-14.038
1.068,-0.227,0.242,-6.104,3.723,-14.404
1.034,-0.221,0.221,-6.165,5.310,-13.062
1.012,-0.203,0.198,-6.775,5.432,-10.437
0.993,-0.176,0.186,-7.690,4.089,-7.629
0.991,-0.159,0.193,-8.118,1.770,-5.554
1.000,-0.152,0.207,-6.531,-0.671,-5.005
0.999,-0.146,0.210,-3.601,-2.808,-6.409
0.990,-0.162,0.217,-0.549,-5.005,-8.667
0.981,-0.172,0.215,2.747,-6.042,-9.888
0.961,-0.152,0.212,3.906,-6.714,-9.033
0.979,-0.121,0.219,3.540,-6.287,-7.446
0.975,-0.120,0.233,1.282,-3.296,-4.333
0.957,-0.112,0.219,-3.113,0.244,0.488
0.945,-0.106,0.203,-5.127,2.502,4.395
0.948,-0.087,0.201,-4.517,2.502,6.958
0.958,-0.051,0.214,-3.784,0.671,7.568
0.990,-0.017,0.237,-3.418,0.122,6.531
1.021,-0.025,0.261,-4.089,2.075,6.287
1.011,-0.031,0.254,-3.418,5.249,6.714
0.985,-0.021,0.226,-2.014,6.165,5.493
0.969,-0.013,0.213,-0.305,5.310,3.479
0.979,0.003,0.217,0.366,3.662,0.854

1.441,0.769,0.558,49.866,-44.983,75.378
1.552,0.808,0.600,48.950,-42.786,69.824
1.626,0.819,0.635,50.171,-38.330,63.965
1.665,0.835,0.665,51.697,-32.654,59.021
1.690,0.920,0.686,52.368,-26.917,55.664
1.752,1.016,0.722,50.415,-20.813,52.734
1.831,1.024,0.813,45.959,-15.564,47.913
1.802,1.090,0.755,38.208,-13.794,40.039
1.817,1.084,0.773,36.133,-4.272,36.438
1.773,1.072,0.749,32.532,8.179,34.912
1.725,1.041,0.737,22.827,15.625,32.532
1.661,1.026,0.714,14.893,23.682,30.945
1.585,0.991,0.694,9.583,28.381,24.780
1.533,0.925,0.689,9.155,33.752,18.677
1.424,0.881,0.649,8.301,36.011,11.597
1.367,0.821,0.659,8.850,38.879,5.432
1.298,0.793,0.649,8.911,41.748,-0.183
1.222,0.746,0.634,7.385,47.852,-3.540
1.150,0.701,0.607,3.967,55.725,-4.944
1.077,0.677,0.559,-2.075,62.683,-4.822
0.991,0.658,0.506,-8.423,67.749,-4.395
0.908,0.636,0.454,-13.367,70.190,-4.395
0.859,0.623,0.397,-16.541,70.251,-5.310
0.797,0.604,0.353,-18.372,69.763,-5.493
0.754,0.602,0.326,-20.630,68.970,-4.028
0.734,0.654,0.300,-21.851,67.810,-4.028
0.699,0.686,0.276,-23.010,68.054,-7.324
0.648,0.692,0.245,-24.658,69.702,-11.536
0.584,0.696,0.192,-29.480,70.618,-14.648
0.531,0.670,0.150,-35.156,70.007,-17.456
0.475,0.625,0.129,-38.696,67.566,-20.386
0.422,0.566,0.125,-39.856,62.805,-23.010
0.413,0.531,0.126,-38.391,56.702,-25.696
0.376,0.520,0.104,-36.133,49.438,-28.992
0.326,0.501,0.090,-36.316,43.213,-29.907
0.283,0.474,0.099,-38.147,36.743,-28.015
0.268,0.447,0.136,-38.757,30.334,-26.367
0.268,0.431,0.176,-36.804,25.757,-27.100
0.267,0.423,0.192,-33.386,23.804,-28.381
0.243,0.425,0.174,-30.518,24.109,-28.442
0.240,0.432,0.145,-30.518,25.024,-26.733
0.232,0.440,0.099,-31.250,25.452,-25.146
0.240,0.416,0.053,-33.325,24.902,-24.231
0.218,0.382,0.005,-35.400,23.560,-23.071
0.201,0.357,-0.033,-35.767,20.996,-20.691
0.203,0.364,-0.065,-34.668,15.686,-20.386
0.210,0.372,-0.069,-33.203,9.338,-21.606
0.242,0.366,-0.061,-33.020,3.662,-21.851
0.267,0.348,-0.049,-33.447,-1.465,-21.973
0.317,0.328,-0.015,-32.410,-4.700,-21.729
0.371,0.325,0.000,-29.602,-7.751,-23.132
0.383,0.296,0.002,-28.137,-10.498,-25.513
0.384,0.282,-0.016,-30.457,-11.963,-24.841
0.367,0.256,-0.029,-35.461,-12.268,-21.118
0.385,0.250,-0.023,-40.344,-13.000,-16.357
0.400,0.288,-0.044,-43.030,-15.869,-13.062
0.466,0.287,-0.059,-43.091,-20.142,-13.428
0.536,0.235,-0.050,-40.649,-23.743,-14.954
0.603,0.222,-0.042,-34.241,-27.649,-17.761
0.643,0.243,-0.037,-25.818,-32.837,-23.926
0.660,0.240,-0.005,-22.461,-37.781,-30.334
0.664,0.216,0.046,-24.414,-40.649,-32.471
0.673,0.208,0.067,-29.785,-42.419,-30.701
0.727,0.202,0.079,-35.278,-43.457,-28.687
0.809,0.155,0.115,-37.842,-44.617,-29.053
0.878,0.115,0.150,-35.950,-46.814,-32.166
0.928,0.101,0.166,-32.898,-49.500,-36.133
0.931,0.083,0.187,-31.128,-52.490,-39.429
0.937,0.048,0.214,-32.898,-54.260,-41.077
0.964,0.034,0.235,-36.804,-55.542,-40.100
1.007,0.025,0.254,-40.344,-57.434,-39.734
1.079,-0.019,0.293,-40.588,-58.105,-42.236
1.128,-0.082,0.313,-38.818,-56.885,-45.044
1.167,-0.114,0.326,-36.926,-54.443,-45.532
1.180,-0.138,0.336,-36.194,-50.598,-42.908
1.204,-0.127,0.352,-38.696,-44.800,-38.391
1.240,-0.127,0.360,-38.940,-40.039,-36.255
1.274,-0.112,0.359,-40.466,-36.499,-34.790
1.288,-0.146,0.371,-41.321,-35.278,-36.072
1.328,-0.211,0.413,-36.072,-33.875,-40.222
1.330,-0.240,0.429,-28.870,-33.752,-45.593
1.316,-0.250,0.435,-22.461,-32.288,-49.377
1.303,-0.250,0.434,-20.020,-29.114,-49.622
1.276,-0.248,0.415,-21.240,-25.940,-47.668
1.276,-0.290,0.395,-23.071,-23.071,-44.922
1.282,-0.335,0.383,-23.804,-19.897,-40.588
1.261,-0.325,0.358,-22.705,-17.944,-35.645
1.231,-0.309,0.340,-20.508,-18.005,-33.203
1.206,-0.304,0.340,-17.944,-18.250,-31.921
1.180,-0.294,0.341,-15.930,-17.883,-30.457
1.152,-0.256,0.328,-14.282,-16.907,-28.503
1.126,-0.243,0.319,-13.672,-16.357,-26.672
1.108,-0.273,0.325,-12.329,-15.503,-25.635
1.097,-0.294,0.339,-8.728,-14.099,-24.536
1.076,-0.272,0.333,-5.737,-11.475,-21.667
1.090,-0.256,0.360,-5.188,-8.423,-16.846
1.032,-0.187,0.307,-8.850,-7.385,-11.719
1.037,-0.187,0.325,-7.629,-4.456,-8.911
1.023,-0.146,0.308,-4.272,-3.113,-8.118
1.020,-0.115,0.295,-2.075,-2.563,-7.751
1.002,-0.098,0.279,0.366,-1.343,-7.812
0.984,-0.086,0.254,-0.366,-1.221,-7.324
0.956,-0.088,0.242,-1.831,-1.526,-5.127
0.953,-0.062,0.224,-3.967,-3.235,-3.052
0.944,-0.046,0.224,-6.348,-5.066,-1.221
0.953,-0.026,0.231,-8.179,-6.226,0.916
0.960,-0.030,0.260,-7.935,-6.714,1.953
0.988,-0.021,0.294,-4.883,-5.798,1.648
0.979,-0.007,0.298,-1.404,-4.456,0.610
0.983,0.000,0.304,0.610,-2.258,0.244
0.972,0.005,0.299,0.671,-0.916,-0.183
0.968,0.003,0.293,-0.916,0.000,0.366
0.955,0.013,0.275,-2.075,0.061,0.366
0.953,0.017,0.261,-2.502,-1.404,-0.671
0.949,0.010,0.261,-3.174,-3.479,-1.770
0.950,0.011,0.263,-2.930,-5.676,-2.747
0.953,-0.002,0.279,-2.441,-6.897,-2.991
0.950,-0.021,0.304,-1.892,-6.897,-2.441
0.956,-0.021,0.317,0.732,-6.165,-2.502

1.356,0.731,0.547,57.861,-44.617,64.270
1.387,0.751,0.569,53.711,-41.260,61.890
1.413,0.785,0.607,49.011,-36.072,62.744
1.454,0.853,0.651,45.776,-31.738,62.622
1.571,0.872,0.775,44.678,-28.381,58.899
1.547,0.963,0.716,40.771,-35.217,45.837
1.590,1.000,0.736,43.152,-31.250,38.025
1.630,0.920,0.813,47.791,-13.489,36.560
1.598,0.917,0.808,35.889,-11.780,31.189
1.549,0.865,0.835,27.039,-1.648,32.593
1.516,0.811,0.846,24.414,6.531,27.344
1.458,0.783,0.813,21.606,11.780,23.132
1.432,0.760,0.790,20.325,18.127,20.569
1.408,0.745,0.777,19.226,21.423,16.052
1.375,0.731,0.765,16.968,25.452,11.841
1.327,0.740,0.731,14.404,29.419,7.812
1.286,0.745,0.695,9.766,33.997,4.822
1.235,0.702,0.678,3.113,38.147,2.991
1.192,0.662,0.662,-3.906,42.542,2.686
1.150,0.634,0.634,-8.179,45.593,1.404
1.114,0.594,0.617,-8.850,48.706,-1.282
1.062,0.567,0.590,-8.728,51.575,-3.174
1.020,0.576,0.552,-8.057,54.382,-5.127
0.963,0.581,0.506,-9.277,57.434,-5.859
0.898,0.576,0.449,-13.855,59.998,-5.981
0.853,0.531,0.417,-17.395,62.500,-5.920
0.788,0.510,0.382,-21.362,63.354,-4.272
0.766,0.517,0.357,-22.766,62.439,-4.700
0.743,0.537,0.326,-23.376,60.669,-6.287
0.712,0.522,0.306,-25.085,59.509,-9.155
0.658,0.500,0.286,-28.687,59.387,-9.705
0.633,0.481,0.272,-31.006,59.692,-10.315
0.565,0.466,0.245,-31.677,59.998,-10.437
0.533,0.469,0.222,-31.372,58.533,-11.353
0.472,0.487,0.195,-30.151,55.237,-12.207
0.445,0.493,0.187,-29.419,50.598,-13.733
0.406,0.467,0.190,-29.907,46.082,-14.343
0.395,0.472,0.183,-32.288,41.626,-13.428
0.366,0.443,0.186,-33.264,37.415,-14.282
0.328,0.397,0.204,-32.104,34.851,-14.771
0.314,0.405,0.214,-28.320,32.166,-15.930
0.309,0.440,0.208,-25.818,28.870,-16.296
0.317,0.453,0.195,-25.818,26.733,-16.785
0.313,0.447,0.185,-27.100,25.879,-16.785
0.314,0.447,0.168,-29.602,25.269,-14.954
0.327,0.448,0.148,-31.250,23.987,-13.367
0.330,0.445,0.119,-31.128,21.667,-13.611
0.345,0.467,0.086,-30.212,19.104,-15.076
0.360,0.487,0.045,-29.358,16.174,-17.883
0.372,0.484,-0.002,-29.968,13.428,-20.508
0.393,0.458,-0.034,-33.203,11.353,-21.057
0.403,0.413,-0.047,-35.828,8.240,-20.630
0.418,0.379,-0.046,-36.621,4.456,-20.813
0.434,0.356,-0.031,-35.339,-0.183,-21.484
0.455,0.340,-0.003,-34.058,-4.272,-21.790
0.486,0.340,0.021,-33.569,-7.568,-22.400
0.504,0.327,0.051,-33.081,-9.827,-23.437
0.538,0.314,0.075,-32.288,-9.583,-23.560
0.590,0.318,0.083,-32.776,-7.996,-22.156
0.617,0.278,0.108,-32.837,-6.531,-21.545
0.640,0.245,0.142,-29.907,-5.371,-21.729
0.648,0.246,0.134,-26.672,-5.432,-22.522
0.670,0.217,0.110,-25.330,-6.836,-24.292
0.671,0.158,0.095,-26.733,-7.690,-24.048
0.696,0.151,0.052,-31.799,-9.094,-19.958
0.730,0.193,0.017,-35.767,-12.817,-19.531
0.727,0.151,0.024,-37.415,-16.968,-23.315
0.756,0.125,0.029,-36.743,-18.616,-25.085
0.768,0.164,-0.020,-33.691,-20.874,-27.649
0.804,0.177,-0.075,-31.494,-23.437,-31.250
0.827,0.151,-0.092,-31.433,-25.391,-33.264
0.853,0.138,-0.098,-31.616,-28.748,-34.668
0.849,0.120,-0.074,-30.579,-33.936,-37.170
0.841,0.091,-0.022,-28.931,-39.795,-39.612
0.893,0.058,0.036,-27.588,-45.105,-40.588
0.935,0.011,0.081,-26.123,-48.523,-41.382
0.971,-0.032,0.115,-25.391,-49.927,-40.955
1.004,-0.073,0.148,-24.780,-50.110,-38.879
1.039,-0.090,0.190,-23.743,-49.316,-36.072
1.070,-0.078,0.226,-23.010,-48.157,-33.691
1.081,-0.059,0.248,-24.658,-47.546,-32.227
1.067,-0.072,0.268,-28.076,-46.814,-30.579
1.109,-0.099,0.300,-28.381,-45.288,-29.846
1.126,-0.131,0.312,-25.818,-45.593,-29.663
1.161,-0.152,0.329,-23.621,-45.288,-28.809
1.177,-0.178,0.357,-19.958,-44.434,-28.381
1.206,-0.165,0.380,-15.869,-42.847,-27.222
1.199,-0.128,0.391,-12.573,-40.344,-26.611
1.193,-0.103,0.397,-12.268,-36.804,-25.635
1.196,-0.113,0.411,-14.587,-31.982,-22.644
1.203,-0.129,0.416,-16.235,-26.245,-18.616
1.203,-0.127,0.395,-15.381,-22.217,-15.503
1.185,-0.118,0.368,-13.489,-19.714,-13.977
1.173,-0.098,0.353,-11.597,-18.433,-13.977
1.152,-0.087,0.339,-10.254,-18.066,-14.587
1.128,-0.069,0.337,-9.521,-18.066,-14.099
1.128,-0.047,0.348,-8.301,-18.433,-13.123
1.130,-0.036,0.357,-6.836,-18.555,-13.062
1.132,-0.043,0.359,-6.042,-17.090,-13.428
1.109,-0.047,0.348,-5.981,-14.771,-12.268
1.132,-0.036,0.351,-5.371,-12.695,-11.230
1.034,-0.030,0.319,-8.606,-15.747,-9.399
1.047,-0.032,0.337,-8.789,-15.686,-9.888
1.042,-0.045,0.356,-1.831,-12.939,-12.085
1.024,0.009,0.326,-0.244,-13.062,-12.207
1.017,0.014,0.320,0.793,-11.963,-12.085
1.011,0.003,0.326,0.305,-11.719,-11.658
1.020,-0.019,0.353,-1.404,-10.803,-10.193
1.017,-0.026,0.367,0.000,-8.606,-9.033
1.008,-0.008,0.357,1.709,-6.836,-8.667
0.987,0.010,0.334,2.441,-5.798,-9.338
0.977,0.011,0.327,2.197,-5.798,-9.644
0.977,0.005,0.327,2.014,-6.287,-9.094
0.976,0.003,0.327,2.808,-7.202,-9.338
0.976,-0.000,0.336,3.845,-7.568,-9.033
0.979,-0.004,0.352,2.563,-7.141,-7.263
0.977,-0.003,0.365,1.404,-5.432,-4.944
0.977,0.006,0.366,1.282,-3.540,-3.540
0.972,0.022,0.359,1.770,-1.709,-3.052

1.429,0.764,0.625,39.246,-23.682,63.354
1.488,0.815,0.652,40.466,-21.423,59.387
1.527,0.861,0.677,40.405,-17.700,55.603
1.557,0.895,0.701,36.499,-12.695,52.551
1.555,0.907,0.723,31.250,-6.470,48.767
1.551,0.918,0.737,26.794,-0.122,45.227
1.522,0.959,0.729,23.437,4.822,41.382
1.519,0.990,0.727,19.775,9.216,37.292
1.519,0.975,0.741,14.526,13.794,33.142
1.515,0.942,0.750,9.277,19.470,28.625
1.483,0.920,0.731,6.042,25.208,22.644
1.432,0.904,0.697,3.418,29.846,15.747
1.376,0.863,0.682,0.061,34.119,9.277
1.334,0.807,0.674,-2.441,39.124,4.333
1.278,0.776,0.652,-4.089,43.884,0.549
1.229,0.744,0.627,-5.920,47.791,-2.991
1.174,0.713,0.592,-8.118,51.514,-7.141
1.085,0.655,0.547,-10.925,54.504,-12.207
1.040,0.602,0.513,-15.015,57.739,-14.221
0.998,0.569,0.492,-19.531,60.486,-14.404
0.927,0.532,0.468,-21.240,63.354,-14.343
0.896,0.539,0.427,-21.545,65.186,-14.771
0.857,0.545,0.394,-20.813,64.941,-18.188
0.818,0.538,0.361,-22.400,65.002,-20.264
0.781,0.502,0.330,-24.719,64.636,-22.827
0.742,0.437,0.307,-26.550,65.857,-24.109
0.684,0.403,0.271,-29.480,67.322,-22.705
0.629,0.390,0.235,-30.701,68.604,-20.386
0.547,0.432,0.176,-32.349,68.359,-16.968
0.522,0.454,0.145,-33.447,64.758,-16.968
0.490,0.452,0.134,-35.522,59.448,-17.883
0.480,0.444,0.132,-36.499,55.115,-19.348
0.452,0.440,0.116,-36.255,51.453,-20.752
0.393,0.441,0.078,-37.415,46.692,-22.034
0.368,0.446,0.060,-37.598,42.175,-23.437
0.328,0.443,0.067,-36.438,37.537,-24.353
0.300,0.429,0.081,-36.804,32.104,-24.231
0.274,0.372,0.108,-35.706,26.794,-24.780
0.252,0.346,0.117,-33.142,21.729,-25.085
0.242,0.344,0.114,-29.602,17.456,-25.269
0.242,0.331,0.111,-27.527,14.221,-24.292
0.250,0.342,0.118,-27.466,11.902,-20.691
0.289,0.386,0.108,-28.442,9.949,-17.151
0.322,0.398,0.093,-29.175,9.338,-15.381
0.335,0.418,0.046,-31.677,9.155,-14.099
0.343,0.416,0.001,-33.020,8.667,-13.733
0.338,0.405,-0.036,-34.485,6.470,-14.038
0.332,0.368,-0.048,-34.973,2.502,-14.709
0.342,0.326,-0.037,-33.752,-1.953,-15.381
0.377,0.322,-0.023,-30.945,-6.775,-16.235
0.423,0.343,-0.010,-28.198,-10.864,-16.968
0.461,0.348,-0.001,-28.442,-13.550,-17.151
0.483,0.338,0.004,-30.945,-13.916,-15.930
0.494,0.360,-0.008,-34.180,-12.695,-13.123
0.494,0.379,-0.031,-37.476,-10.925,-11.230
0.512,0.353,-0.045,-39.246,-10.681,-10.986
0.553,0.324,-0.046,-39.795,-11.292,-10.742
0.581,0.302,-0.048,-40.710,-13.367,-9.277
0.619,0.268,-0.029,-42.725,-16.785,-6.836
0.643,0.241,0.002,-45.288,-20.630,-3.174
0.678,0.306,0.021,-48.401,-24.414,-0.488
0.732,0.344,0.054,-50.415,-29.297,-4.272
0.785,0.310,0.076,-49.316,-32.715,-14.038
0.809,0.254,0.054,-45.105,-35.156,-23.437
0.853,0.213,0.033,-41.321,-36.987,-28.931
0.889,0.168,0.024,-39.429,-38.452,-31.250
0.894,0.110,0.059,-39.429,-40.222,-30.701
0.900,0.077,0.091,-38.391,-43.213,-31.067
0.925,0.052,0.154,-33.875,-45.105,-31.189
0.945,0.075,0.194,-31.311,-48.462,-30.884
0.995,0.068,0.230,-30.884,-51.208,-31.738
1.051,0.000,0.275,-29.785,-51.514,-33.508
1.091,-0.053,0.314,-27.100,-50.537,-33.752
1.096,-0.060,0.334,-22.888,-49.377,-33.813
1.097,-0.057,0.356,-18.127,-48.523,-34.058
1.112,-0.045,0.387,-16.174,-47.363,-32.715
1.125,-0.015,0.388,-17.029,-45.471,-30.396
1.152,-0.021,0.400,-18.860,-42.603,-27.710
1.201,-0.041,0.398,-19.043,-39.001,-25.818
1.194,-0.081,0.401,-16.968,-35.828,-25.757
1.187,-0.115,0.406,-12.512,-33.142,-27.283
1.162,-0.113,0.383,-10.620,-31.738,-27.283
1.156,-0.102,0.358,-11.230,-30.457,-26.489
1.148,-0.125,0.347,-11.536,-29.663,-26.001
1.193,-0.136,0.354,-9.766,-29.053,-25.024
1.205,-0.098,0.349,-5.798,-28.931,-24.292
1.221,-0.078,0.353,-2.014,-27.344,-24.475
1.207,-0.077,0.355,-1.648,-25.818,-24.902
1.191,-0.106,0.379,-2.441,-24.353,-24.536
1.179,-0.126,0.394,-1.465,-22.156,-24.231
1.171,-0.138,0.396,0.183,-19.653,-23.560
1.177,-0.126,0.387,2.075,-16.418,-22.766
1.164,-0.140,0.365,3.235,-13.672,-21.912
1.180,-0.212,0.406,1.282,-12.268,-17.883
1.070,-0.107,0.297,-5.676,-16.724,-13.977
1.089,-0.134,0.329,-1.099,-13.977,-12.939
1.057,-0.088,0.307,0.427,-14.587,-10.986
1.062,-0.064,0.314,-0.793,-15.259,-8.301
1.078,-0.042,0.331,1.404,-14.404,-6.653
1.096,-0.001,0.320,3.235,-13.062,-6.287
1.097,0.013,0.316,5.188,-11.108,-6.897
1.085,0.031,0.310,7.324,-8.423,-8.545
1.049,0.034,0.299,7.812,-6.409,-10.254
1.022,0.024,0.298,7.141,-3.662,-9.338
1.007,0.022,0.302,6.409,-1.465,-7.812
0.996,0.030,0.298,5.127,0.061,-5.920
0.980,0.033,0.289,3.174,0.305,-4.456
0.980,0.036,0.279,2.258,-0.244,-4.639
0.972,0.038,0.268,2.747,-1.831,-6.165
0.968,0.034,0.271,3.357,-3.540,-7.812
0.966,0.029,0.286,3.296,-3.845,-7.935
0.967,0.033,0.302,3.357,-3.662,-7.812
0.958,0.025,0.312,3.235,-2.563,-7.019
0.948,0.014,0.316,3.418,-0.854,-6.226
0.948,0.001,0.316,4.028,0.244,-5.554
0.954,-0.000,0.311,5.188,1.221,-4.089
0.951,0.002,0.304,5.432,2.625,-2.502
0.946,0.026,0.294,4.761,3.235,-0.977
0.941,0.053,0.280,3.540,2.380,-0.366

1.357,0.866,0.564,66.467,-42.969,66.162
1.333,0.882,0.526,57.495,-34.912,63.110
1.367,0.788,0.570,52.673,-27.283,57.922
1.296,0.799,0.528,48.035,-24.475,54.688
1.333,0.793,0.555,50.049,-17.883,52.979
1.344,0.822,0.572,52.185,-15.686,51.086
1.355,0.893,0.569,51.453,-16.968,47.913
1.375,0.910,0.599,53.833,-15.747,42.175
1.407,0.931,0.635,54.993,-13.672,36.438
1.419,0.965,0.656,51.392,-11.230,33.264
1.398,0.978,0.665,45.410,-7.812,30.029
1.378,0.960,0.681,38.818,-3.052,26.550
1.359,0.927,0.703,31.921,1.953,23.987
1.350,0.902,0.724,26.428,7.812,22.583
1.338,0.898,0.727,21.545,13.489,20.996
1.319,0.914,0.717,16.968,18.738,18.127
1.316,0.906,0.719,12.451,22.827,14.404
1.266,0.894,0.684,8.179,24.963,8.972
1.258,0.855,0.684,6.531,28.931,4.272
1.209,0.825,0.671,5.310,31.677,-0.610
1.178,0.802,0.659,3.967,35.950,-4.456
1.127,0.772,0.636,1.465,41.931,-7.202
1.087,0.736,0.611,-2.563,47.363,-10.193
1.044,0.706,0.573,-5.981,52.002,-11.902
1.004,0.689,0.515,-9.949,56.213,-12.817
0.955,0.666,0.464,-14.832,59.814,-11.963
0.908,0.674,0.416,-19.287,61.646,-11.414
0.877,0.672,0.387,-21.790,60.120,-13.306
0.856,0.672,0.371,-23.071,57.617,-17.639
0.835,0.671,0.343,-26.123,56.580,-20.935
0.824,0.642,0.319,-29.846,56.519,-22.644
0.781,0.605,0.301,-32.532,57.007,-23.987
0.738,0.565,0.293,-33.386,56.641,-26.184
0.710,0.543,0.296,-29.053,56.335,-30.334
0.656,0.525,0.268,-24.292,55.908,-34.668
0.627,0.499,0.251,-22.644,55.481,-37.415
0.581,0.489,0.224,-24.170,54.626,-36.987
0.592,0.481,0.214,-27.771,53.955,-35.889
0.573,0.461,0.198,-31.616,54.138,-34.241
0.551,0.452,0.163,-36.438,54.626,-32.227
0.498,0.423,0.128,-38.574,53.528,-31.982
0.472,0.405,0.106,-38.818,49.561,-32.349
0.393,0.386,0.078,-38.391,43.274,-31.799
0.363,0.375,0.083,-35.645,34.912,-33.875
0.352,0.362,0.112,-30.701,26.184,-36.011
0.353,0.353,0.129,-28.809,19.226,-36.560
0.353,0.317,0.158,-28.015,15.198,-36.011
0.343,0.301,0.174,-29.053,14.404,-32.227
0.354,0.325,0.163,-30.396,13.916,-27.954
0.343,0.340,0.144,-29.114,12.817,-26.489
0.345,0.351,0.121,-28.381,10.925,-26.123
0.358,0.354,0.090,-29.968,9.094,-25.452
0.366,0.331,0.052,-32.593,7.996,-24.719
0.362,0.306,0.018,-34.973,6.042,-23.865
0.373,0.271,-0.000,-35.339,3.296,-23.804
0.364,0.226,-0.008,-33.813,-0.305,-24.292
0.357,0.229,-0.012,-31.982,-4.761,-23.682
0.360,0.252,-0.006,-31.189,-9.888,-22.278
0.396,0.246,0.011,-31.799,-14.832,-20.630
0.464,0.245,0.019,-33.020,-18.188,-18.433
0.503,0.260,0.004,-32.288,-20.874,-18.188
0.522,0.258,-0.005,-32.104,-23.254,-18.799
0.509,0.252,-0.009,-35.767,-25.146,-17.578
0.477,0.256,0.002,-41.565,-28.015,-14.771
0.467,0.277,0.027,-46.753,-32.166,-12.268
0.483,0.274,0.042,-50.537,-37.415,-11.963
0.556,0.219,0.044,-52.856,-42.542,-13.672
0.651,0.125,0.068,-52.246,-45.532,-14.404
0.713,0.102,0.082,-47.913,-45.410,-13.184
0.746,0.154,0.088,-41.443,-45.105,-13.245
0.745,0.231,0.091,-36.560,-46.082,-14.282
0.763,0.289,0.123,-35.339,-47.913,-16.724
0.841,0.326,0.149,-35.950,-49.683,-20.203
0.934,0.294,0.207,-37.048,-49.927,-23.987
0.966,0.216,0.266,-38.757,-49.133,-26.550
1.017,0.144,0.318,-38.574,-45.776,-27.527
1.034,0.100,0.353,-33.447,-42.114,-29.602
1.042,0.097,0.365,-26.672,-39.001,-32.410
1.029,0.130,0.358,-21.179,-37.598,-34.302
1.050,0.145,0.347,-19.470,-37.903,-35.339
1.097,0.119,0.364,-20.447,-37.537,-34.912
1.140,0.080,0.387,-21.729,-36.865,-34.973
1.181,0.026,0.415,-20.813,-35.034,-35.706
1.181,-0.014,0.425,-18.188,-31.860,-35.645
1.158,-0.048,0.403,-16.418,-29.297,-35.034
1.154,-0.090,0.393,-14.282,-26.733,-34.119
1.136,-0.129,0.382,-11.353,-25.085,-32.593
1.142,-0.153,0.370,-7.080,-23.621,-30.457
1.134,-0.156,0.366,-2.747,-21.484,-28.076
1.152,-0.111,0.339,-2.625,-19.836,-25.452
1.154,-0.113,0.337,-4.211,-18.494,-24.048
1.159,-0.114,0.341,-5.554,-16.235,-22.461
1.156,-0.107,0.338,-6.287,-15.015,-20.386
1.153,-0.096,0.336,-4.272,-14.099,-19.287
1.149,-0.091,0.338,-1.465,-14.221,-20.264
1.159,-0.081,0.340,1.038,-13.794,-20.630
1.153,-0.087,0.339,2.869,-13.672,-20.874
1.143,-0.116,0.354,4.089,-12.390,-20.569
1.132,-0.118,0.351,5.188,-10.925,-19.104
1.109,-0.107,0.339,6.592,-9.766,-17.151
1.078,-0.099,0.327,6.348,-8.362,-13.916
1.093,-0.089,0.328,4.761,-6.836,-10.071
1.114,-0.059,0.324,4.333,-4.761,-6.775
1.173,-0.070,0.388,4.822,-2.747,-5.493
1.078,0.046,0.292,1.709,-5.554,-7.507
1.102,0.022,0.307,5.188,-2.258,-12.085
1.063,-0.006,0.305,5.859,0.061,-13.306
1.051,-0.016,0.307,2.136,0.488,-10.559
1.041,-0.042,0.324,2.930,1.526,-8.545
1.036,-0.028,0.320,4.944,1.953,-8.057
1.019,-0.003,0.303,7.263,2.136,-7.874
1.014,0.011,0.292,7.446,2.808,-7.141
1.002,0.013,0.291,6.470,3.601,-5.554
1.001,0.021,0.297,6.042,4.395,-4.395
0.970,0.037,0.283,6.531,4.822,-4.028
0.964,0.049,0.278,6.836,4.272,-4.517
0.957,0.041,0.274,7.141,3.174,-5.127
0.968,0.045,0.267,6.042,1.770,-5.371
0.971,0.038,0.264,4.150,0.671,-5.005

1.469,0.653,0.492,45.410,-51.514,67.200
1.493,0.651,0.512,44.434,-52.124,62.988
1.532,0.679,0.562,40.588,-51.636,62.439
1.606,0.746,0.640,37.964,-49.500,62.134
1.717,0.832,0.719,37.659,-46.021,60.242
1.815,0.795,0.894,37.048,-45.288,54.871
1.688,1.015,0.774,34.363,-54.504,40.588
1.861,0.953,0.904,43.030,-30.273,41.870
1.859,0.921,0.939,35.278,-19.958,36.804
1.816,0.894,0.945,19.653,-10.437,36.621
1.768,0.833,0.963,15.015,4.028,33.508
1.688,0.804,0.929,13.123,12.573,26.428
1.610,0.776,0.887,11.353,20.142,22.217
1.554,0.750,0.854,10.376,27.039,18.677
1.471,0.738,0.801,6.348,30.640,14.160
1.429,0.702,0.768,3.479,34.729,8.850
1.356,0.651,0.725,-0.122,39.490,5.188
1.292,0.578,0.705,-3.601,42.603,2.136
1.234,0.526,0.693,-3.479,44.739,-1.770
1.186,0.499,0.675,-1.160,47.974,-4.944
1.121,0.475,0.641,1.160,52.307,-8.118
1.065,0.467,0.599,-0.183,58.838,-8.179
1.009,0.469,0.529,-5.859,65.857,-5.859
0.941,0.448,0.468,-11.536,70.618,-4.822
0.884,0.426,0.410,-15.930,73.730,-3.418
0.834,0.437,0.346,-18.188,74.524,-2.441
0.792,0.430,0.284,-18.433,72.083,-3.723
0.774,0.427,0.237,-19.348,67.871,-4.944
0.696,0.390,0.216,-19.775,65.186,-5.798
0.698,0.417,0.186,-19.836,62.561,-6.104
0.639,0.410,0.157,-16.785,60.974,-8.606
0.593,0.422,0.138,-16.418,59.998,-10.071
0.532,0.444,0.114,-18.494,59.326,-10.620
0.504,0.423,0.112,-22.400,58.838,-9.766
0.439,0.414,0.090,-30.701,59.204,-4.517
0.375,0.397,0.068,-36.560,57.007,-1.404
0.350,0.368,0.062,-36.865,52.856,-0.977
0.295,0.359,0.046,-33.203,46.875,-1.709
0.278,0.378,0.043,-28.564,38.025,-3.784
0.227,0.370,0.063,-25.085,27.344,-7.385
0.235,0.339,0.105,-24.658,17.944,-8.911
0.232,0.326,0.131,-26.245,11.230,-7.202
0.230,0.338,0.153,-27.344,6.775,-4.517
0.233,0.351,0.171,-28.015,3.418,-2.441
0.251,0.387,0.178,-29.358,1.770,-0.427
0.251,0.417,0.180,-30.029,1.465,0.977
0.282,0.438,0.163,-30.518,1.160,0.549
0.304,0.429,0.124,-30.579,0.427,-1.038
0.310,0.396,0.081,-31.067,-0.427,-2.563
0.315,0.381,0.035,-32.288,-1.892,-2.869
0.319,0.351,0.016,-33.630,-4.395,-3.540
0.314,0.304,0.032,-34.119,-7.141,-4.211
0.336,0.293,0.052,-32.654,-10.376,-3.540
0.398,0.313,0.046,-29.663,-14.038,-3.357
0.443,0.334,0.039,-26.672,-16.846,-4.333
0.485,0.359,0.032,-26.428,-18.982,-4.517
0.542,0.381,0.024,-27.893,-21.301,-5.310
0.549,0.370,0.028,-28.931,-24.780,-8.301
0.582,0.350,0.063,-28.503,-28.870,-11.597
0.610,0.348,0.110,-26.062,-32.104,-15.076
0.654,0.332,0.148,-23.254,-34.607,-19.287
0.686,0.284,0.170,-22.156,-35.339,-21.973
0.759,0.236,0.165,-22.949,-34.973,-21.667
0.817,0.201,0.161,-23.254,-33.447,-20.508
0.842,0.220,0.143,-22.034,-31.921,-20.996
0.833,0.231,0.125,-20.874,-31.189,-23.560
0.828,0.233,0.115,-20.020,-31.555,-27.588
0.833,0.250,0.101,-19.775,-33.630,-30.762
0.872,0.232,0.099,-21.973,-36.560,-32.593
0.936,0.162,0.145,-23.315,-40.222,-34.607
0.992,0.091,0.203,-21.790,-43.152,-37.354
1.012,0.069,0.225,-17.700,-44.800,-40.039
1.016,0.072,0.236,-13.733,-45.166,-42.725
1.010,0.064,0.237,-13.367,-44.739,-44.373
1.039,0.038,0.249,-16.541,-44.006,-43.213
1.076,0.011,0.277,-19.531,-42.969,-40.222
1.108,-0.012,0.308,-18.860,-42.358,-40.039
1.147,-0.042,0.347,-15.381,-41.687,-41.687
1.149,-0.062,0.371,-11.780,-39.673,-41.809
1.141,-0.065,0.378,-10.620,-37.048,-40.649
1.143,-0.096,0.391,-10.681,-33.630,-38.330
1.169,-0.085,0.380,-11.169,-29.785,-35.461
1.165,-0.077,0.350,-11.597,-26.611,-34.485
1.159,-0.102,0.331,-11.292,-23.987,-34.851
1.146,-0.085,0.304,-11.658,-22.705,-32.471
1.142,-0.069,0.296,-12.329,-22.034,-29.846
1.138,-0.072,0.311,-12.390,-20.874,-27.405
1.125,-0.072,0.323,-12.512,-19.958,-25.574
1.132,-0.077,0.325,-10.437,-19.592,-25.085
1.127,-0.080,0.325,-6.958,-18.127,-25.146
1.115,-0.083,0.313,-4.272,-16.418,-23.743
1.101,-0.081,0.298,-2.991,-14.709,-21.973
1.103,-0.073,0.288,-3.540,-13.306,-18.616
1.144,-0.115,0.345,-6.042,-14.832,-15.198
1.088,-0.006,0.295,-8.484,-19.348,-16.418
1.142,-0.069,0.367,5.249,-10.437,-20.020
1.101,-0.003,0.313,7.263,-14.221,-25.757
1.099,-0.025,0.331,6.470,-13.855,-25.818
1.107,-0.041,0.344,5.432,-13.062,-24.963
1.097,-0.063,0.356,1.465,-13.733,-23.254
1.091,-0.091,0.374,-0.549,-12.878,-20.813
1.069,-0.101,0.380,0.183,-11.841,-18.616
1.058,-0.086,0.374,1.282,-10.986,-16.357
1.049,-0.090,0.380,2.197,-10.864,-14.954
1.042,-0.090,0.387,2.380,-9.888,-12.390
1.047,-0.075,0.389,2.747,-7.996,-8.911
1.035,-0.042,0.376,3.662,-5.920,-6.470
1.018,-0.005,0.353,3.479,-4.639,-5.249
1.013,-0.000,0.348,0.916,-3.784,-3.967
1.013,-0.011,0.363,-0.977,-2.930,-2.441
1.001,-0.005,0.359,-1.892,-2.319,-1.160
0.997,-0.009,0.366,-1.465,-1.770,-0.427
0.992,-0.003,0.370,-0.244,-0.793,-0.061
0.969,0.003,0.368,1.648,-0.244,0.000
0.973,0.019,0.366,3.296,0.916,0.305
0.958,0.031,0.361,3.723,2.502,0.793
0.963,0.051,0.358,4.395,4.272,1.282
0.952,0.082,0.337,4.822,5.249,1.343
0.927,0.092,0.310,2.686,4.517,0.366

1.338,0.805,0.478,50.781,-21.240,46.265
1.380,0.837,0.480,50.720,-20.508,41.687
1.419,0.838,0.483,47.852,-17.883,37.964
1.455,0.820,0.499,43.579,-13.550,36.133
1.538,0.746,0.612,38.574,-8.484,36.499
1.422,0.899,0.493,30.396,-9.521,33.813
1.525,0.888,0.590,32.776,5.859,37.720
1.501,0.976,0.577,26.855,8.789,33.875
1.539,0.995,0.625,19.592,12.756,30.640
1.542,0.999,0.631,17.334,17.700,22.766
1.528,0.962,0.631,15.137,23.499,13.855
1.481,0.918,0.601,9.827,29.175,7.385
1.451,0.848,0.594,5.432,34.424,0.366
1.396,0.790,0.573,3.906,38.879,-6.287
1.347,0.766,0.543,2.625,42.847,-12.268
1.286,0.733,0.512,-0.183,46.692,-16.541
1.220,0.680,0.488,-5.920,50.171,-18.250
1.162,0.628,0.456,-13.245,53.833,-18.555
1.095,0.587,0.423,-18.372,57.434,-18.250
1.010,0.553,0.373,-21.851,58.594,-18.494
0.977,0.540,0.344,-23.987,57.251,-20.630
0.885,0.508,0.323,-24.658,56.580,-20.935
0.893,0.521,0.316,-23.743,55.359,-22.766
0.849,0.486,0.328,-20.325,53.772,-26.672
0.844,0.468,0.330,-18.799,55.115,-28.320
0.827,0.473,0.304,-19.165,58.411,-27.893
0.785,0.479,0.270,-22.400,61.951,-27.405
0.729,0.482,0.243,-26.917,64.331,-26.428
0.668,0.503,0.192,-31.433,65.552,-25.818
0.624,0.505,0.155,-35.522,64.209,-26.550
0.570,0.514,0.128,-39.246,60.913,-26.855
0.544,0.501,0.139,-38.757,57.312,-29.358
0.502,0.511,0.115,-37.964,52.490,-32.166
0.451,0.510,0.097,-37.659,47.485,-34.607
0.422,0.504,0.090,-38.147,43.396,-35.950
0.360,0.459,0.090,-39.429,39.124,-37.170
0.315,0.414,0.106,-38.574,34.485,-38.086
0.267,0.359,0.135,-35.278,28.503,-39.978
0.258,0.322,0.145,-31.250,22.278,-41.626
0.225,0.272,0.158,-28.259,17.273,-42.175
0.210,0.210,0.185,-28.198,14.526,-38.086
0.201,0.173,0.192,-30.212,12.573,-31.006
0.205,0.189,0.197,-29.663,10.559,-24.048
0.218,0.236,0.202,-28.259,7.812,-18.921
0.267,0.279,0.202,-27.649,4.944,-16.113
0.296,0.301,0.183,-28.748,4.028,-14.587
0.322,0.317,0.139,-31.372,4.639,-12.451
0.356,0.327,0.082,-34.790,5.310,-10.010
0.359,0.324,0.043,-40.710,5.798,-7.141
0.361,0.317,0.039,-48.889,4.578,-2.747
0.383,0.291,0.072,-57.129,3.540,3.052
0.398,0.246,0.099,-64.758,2.319,10.864
0.417,0.167,0.119,-63.843,-0.366,14.282
0.457,0.095,0.117,-52.734,-4.761,13.123
0.477,0.086,0.095,-36.926,-11.353,10.315
0.503,0.118,0.082,-23.437,-18.860,8.362
0.565,0.186,0.084,-17.090,-23.437,9.521
0.643,0.291,0.081,-16.479,-25.513,8.606
0.689,0.324,0.081,-18.860,-26.184,1.160
0.719,0.250,0.072,-22.095,-24.658,-7.324
0.765,0.182,0.043,-24.780,-21.118,-10.986
0.779,0.161,0.011,-24.963,-19.287,-11.353
0.787,0.168,-0.016,-24.719,-19.409,-11.414
0.773,0.191,-0.028,-25.146,-21.606,-11.047
0.785,0.202,-0.025,-26.062,-24.658,-9.827
0.853,0.177,-0.001,-24.902,-27.527,-9.216
0.900,0.187,-0.009,-20.264,-30.212,-10.254
0.953,0.247,-0.037,-14.648,-33.508,-13.672
0.985,0.280,-0.036,-13.123,-37.231,-19.348
0.986,0.232,-0.005,-16.052,-40.039,-25.635
0.981,0.138,0.046,-20.447,-41.565,-28.809
0.997,0.048,0.102,-24.109,-42.175,-28.442
1.014,-0.014,0.144,-24.658,-42.603,-27.039
1.008,-0.052,0.175,-23.010,-42.847,-25.024
1.033,-0.065,0.197,-20.874,-42.847,-21.545
1.066,-0.060,0.189,-18.311,-42.114,-17.517
1.138,-0.026,0.189,-14.709,-40.527,-14.832
1.144,-0.007,0.187,-13.245,-39.001,-13.855
1.168,-0.016,0.207,-12.146,-37.781,-14.893
1.174,-0.024,0.221,-10.254,-36.438,-15.869
1.151,-0.023,0.237,-5.798,-35.889,-18.677
1.143,-0.012,0.235,-2.014,-36.743,-22.583
1.164,-0.009,0.256,0.244,-37.292,-24.963
1.184,0.005,0.260,0.671,-35.339,-24.414
1.226,0.015,0.248,-0.977,-32.715,-22.949
1.245,0.014,0.249,-2.258,-28.748,-20.630
1.245,0.027,0.250,-1.953,-24.963,-20.081
1.234,0.020,0.261,-0.427,-22.278,-21.851
1.192,0.000,0.271,0.366,-19.897,-22.400
1.194,-0.001,0.286,2.258,-17.822,-22.949
1.185,0.002,0.286,4.272,-16.418,-23.621
1.191,0.019,0.285,3.601,-15.381,-23.743
1.161,0.009,0.279,0.977,-14.709,-23.193
1.157,-0.007,0.280,-1.648,-13.672,-21.362
1.197,-0.041,0.343,-2.625,-12.512,-19.348
1.127,-0.025,0.298,-4.272,-16.052,-18.005
1.177,-0.006,0.318,0.488,-11.841,-17.761
1.155,-0.017,0.316,9.705,-5.127,-18.982
1.116,0.050,0.249,8.301,-5.920,-19.226
1.091,0.037,0.244,7.996,-3.479,-16.907
1.083,0.042,0.232,5.493,-3.967,-15.625
1.095,0.027,0.248,4.150,-4.028,-13.916
1.098,0.031,0.256,6.409,-3.235,-14.526
1.083,0.046,0.245,9.583,-2.563,-16.724
1.060,0.047,0.241,11.597,-1.526,-19.043
1.033,0.045,0.234,11.169,-0.488,-19.836
1.014,0.038,0.233,10.437,-0.122,-19.653
1.000,0.028,0.236,8.179,-0.122,-17.822
0.994,0.020,0.240,4.456,0.732,-13.855
0.986,0.020,0.240,1.648,1.587,-9.399
0.978,0.019,0.232,0.061,1.770,-6.531
0.965,0.020,0.226,-0.488,1.221,-5.005
0.969,0.028,0.231,0.549,0.061,-4.211
0.972,0.035,0.235,2.441,-1.282,-4.822
0.972,0.037,0.242,4.395,-2.014,-5.798
0.988,0.033,0.259,6.348,-2.441,-6.592
0.988,0.029,0.271,8.118,-1.465,-6.714
0.983,0.050,0.251,8.118,-0.549,-6.653
0.976,0.047,0.234,6.348,-0.244,-6.287

1.540,0.780,0.482,73.792,-56.458,66.162
1.598,0.829,0.484,71.960,-52.246,60.181
1.636,0.822,0.519,69.702,-47.485,55.969
1.674,0.814,0.548,64.026,-42.297,55.115
1.692,0.826,0.596,61.096,-35.645,55.908
1.764,0.906,0.672,60.364,-29.846,56.335
1.734,1.012,0.639,56.885,-33.264,47.791
1.723,1.111,0.627,57.129,-28.198,40.527
1.786,1.048,0.713,60.608,-9.949,36.133
1.742,1.039,0.705,42.542,-5.798,33.203
1.725,0.973,0.719,28.381,7.935,36.072
1.671,0.898,0.705,22.095,18.250,30.884
1.598,0.841,0.677,19.592,26.062,27.039
1.538,0.818,0.659,20.142,30.029,21.973
1.494,0.835,0.629,20.447,33.081,16.785
1.438,0.828,0.600,18.311,37.537,11.963
1.389,0.801,0.558,15.198,45.166,7.080
1.327,0.745,0.518,9.888,51.392,2.258
1.242,0.670,0.489,3.723,56.152,-1.038
1.173,0.627,0.454,-1.831,59.631,-2.563
1.100,0.598,0.431,-5.798,61.096,-3.174
1.047,0.597,0.408,-8.911,61.707,-4.028
0.992,0.586,0.390,-10.132,61.401,-5.371
0.962,0.633,0.338,-9.583,61.401,-9.155
0.926,0.614,0.306,-8.667,60.364,-15.625
0.896,0.558,0.281,-12.146,61.462,-18.188
0.853,0.516,0.267,-17.090,63.721,-18.005
0.803,0.505,0.270,-20.142,66.650,-16.113
0.772,0.497,0.266,-23.071,68.787,-15.320
0.718,0.511,0.238,-25.269,70.801,-15.442
0.676,0.507,0.207,-27.466,70.923,-17.456
0.630,0.479,0.188,-30.151,69.702,-18.494
0.561,0.475,0.124,-34.729,67.810,-17.090
0.522,0.462,0.103,-37.109,64.087,-17.273
0.520,0.438,0.107,-38.208,59.570,-16.479
0.459,0.435,0.101,-38.391,54.626,-16.174
0.469,0.456,0.099,-35.522,50.964,-18.311
0.460,0.452,0.096,-33.630,48.462,-21.423
0.388,0.451,0.072,-36.621,46.082,-22.034
0.341,0.445,0.072,-38.269,42.847,-24.719
0.314,0.452,0.069,-40.039,38.147,-26.733
0.279,0.426,0.081,-41.748,31.860,-29.358
0.297,0.384,0.112,-41.321,25.146,-32.471
0.312,0.364,0.131,-38.696,20.020,-33.875
0.312,0.344,0.133,-35.889,16.602,-35.278
0.318,0.331,0.120,-33.264,13.123,-36.011
0.304,0.309,0.098,-32.410,8.972,-36.926
0.324,0.281,0.074,-31.006,5.249,-37.537
0.324,0.251,0.042,-31.189,2.136,-37.415
0.318,0.232,0.023,-34.363,0.488,-34.851
0.306,0.245,0.014,-39.612,-0.793,-29.419
0.307,0.242,0.030,-44.128,-3.235,-24.902
0.334,0.250,0.027,-47.302,-4.944,-20.752
0.375,0.251,-0.002,-50.415,-6.775,-17.700
0.412,0.200,-0.021,-53.772,-8.850,-16.174
0.427,0.154,-0.025,-56.091,-11.414,-14.893
0.427,0.143,-0.030,-55.725,-15.503,-13.306
0.455,0.179,-0.031,-52.307,-19.592,-12.939
0.449,0.204,-0.041,-49.438,-24.597,-14.160
0.499,0.211,-0.034,-49.805,-29.297,-14.099
0.574,0.198,-0.027,-51.819,-33.691,-12.329
0.633,0.178,0.004,-51.819,-37.170,-11.658
0.685,0.154,0.046,-49.377,-39.673,-12.329
0.704,0.132,0.078,-45.898,-40.771,-13.733
0.703,0.139,0.092,-42.542,-40.771,-14.343
0.738,0.154,0.059,-40.710,-40.649,-14.832
0.784,0.137,0.050,-41.809,-41.321,-14.893
0.822,0.114,0.047,-42.114,-43.823,-15.808
0.869,0.105,0.056,-38.940,-47.241,-17.456
0.916,0.110,0.060,-34.607,-50.842,-20.386
0.965,0.093,0.070,-32.227,-52.979,-23.010
0.992,0.073,0.093,-33.386,-53.101,-22.400
0.997,0.065,0.126,-36.194,-53.162,-20.203
1.016,0.056,0.175,-36.987,-53.955,-20.264
1.064,0.039,0.222,-33.752,-54.626,-21.301
1.116,0.029,0.250,-28.809,-56.152,-24.109
1.182,0.020,0.260,-23.743,-57.190,-27.832
1.223,-0.006,0.258,-21.851,-55.664,-29.358
1.251,-0.041,0.270,-22.644,-53.711,-27.954
1.266,-0.034,0.284,-20.996,-52.368,-26.611
1.263,-0.014,0.300,-17.212,-51.208,-26.672
1.270,0.046,0.293,-15.808,-50.659,-29.541
1.293,0.046,0.310,-15.320,-49.438,-35.278
1.285,-0.016,0.320,-15.625,-46.631,-40.710
1.275,-0.083,0.323,-16.357,-44.189,-44.434
1.251,-0.145,0.331,-15.137,-42.480,-45.837
1.258,-0.181,0.338,-12.878,-39.734,-44.495
1.260,-0.191,0.350,-9.094,-36.865,-43.396
1.247,-0.178,0.353,-4.211,-33.630,-43.091
1.248,-0.169,0.360,-0.488,-30.090,-43.884
1.221,-0.199,0.368,-0.916,-25.452,-42.297
1.219,-0.249,0.386,-5.310,-21.118,-37.842
1.235,-0.326,0.446,-9.949,-17.212,-31.189
1.110,-0.271,0.352,-14.038,-19.592,-27.161
1.169,-0.319,0.416,-6.714,-14.099,-25.208
1.151,-0.304,0.413,2.075,-11.780,-25.391
1.139,-0.270,0.393,4.883,-11.292,-23.621
1.116,-0.251,0.381,8.850,-6.348,-19.470
1.104,-0.202,0.347,8.240,-3.967,-15.320
1.083,-0.175,0.321,5.066,-1.038,-10.315
1.056,-0.182,0.305,1.953,0.671,-7.385
1.039,-0.182,0.290,0.366,1.770,-4.883
1.019,-0.172,0.282,2.075,1.282,-3.845
1.020,-0.157,0.289,5.432,0.549,-3.662
1.009,-0.140,0.293,7.812,0.977,-2.686
1.000,-0.125,0.288,9.216,2.991,-0.916
0.983,-0.095,0.268,10.193,5.127,1.099
0.973,-0.052,0.247,10.132,6.348,2.075
0.955,-0.039,0.235,8.606,6.165,2.258
0.944,-0.037,0.229,6.104,5.188,2.319
0.928,-0.048,0.230,5.432,3.479,2.441
0.927,-0.035,0.233,5.798,1.404,2.502
0.942,-0.049,0.259,6.531,-0.061,1.770
0.934,-0.042,0.264,6.836,-0.061,2.991
0.923,-0.032,0.267,5.371,0.488,4.883
0.936,-0.035,0.292,5.371,1.465,6.226
0.925,-0.006,0.286,5.737,3.235,7.446
0.947,0.031,0.274,5.859,4.578,6.836
0.927,0.029,0.256,5.981,5.371,4.639

1.515,0.645,0.525,54.810,-27.222,40.955
1.580,0.661,0.571,48.218,-28.687,37.659
1.544,0.721,0.526,44.067,-29.358,31.433
1.629,0.643,0.614,46.997,-8.850,35.278
1.560,0.664,0.592,33.630,-4.822,36.194
1.558,0.655,0.610,25.574,4.517,40.100
1.549,0.643,0.635,23.743,13.123,40.894
1.536,0.694,0.618,22.888,17.395,39.490
1.547,0.736,0.614,23.071,22.339,36.316
1.533,0.753,0.615,20.813,26.306,30.884
1.501,0.750,0.599,16.663,29.663,24.292
1.463,0.717,0.575,13.123,35.034,18.982
1.402,0.667,0.552,8.728,40.527,15.320
1.357,0.641,0.526,5.005,44.128,11.292
1.307,0.623,0.499,2.808,45.654,5.432
1.253,0.597,0.472,0.305,46.509,-0.610
1.171,0.560,0.443,-3.540,47.729,-3.845
1.132,0.522,0.419,-8.911,48.950,-5.676
1.070,0.452,0.413,-12.878,50.354,-7.385
1.026,0.403,0.404,-14.954,52.490,-8.179
0.954,0.374,0.383,-13.367,54.077,-8.972
0.905,0.387,0.341,-10.925,54.626,-11.963
0.841,0.375,0.316,-9.033,54.077,-14.465
0.804,0.370,0.316,-10.010,53.650,-14.038
0.764,0.389,0.300,-13.123,54.138,-11.780
0.729,0.392,0.277,-18.860,55.054,-9.888
0.681,0.392,0.248,-27.649,56.580,-4.944
0.614,0.407,0.213,-34.729,54.993,-3.296
0.575,0.398,0.197,-38.269,51.208,-3.906
0.564,0.403,0.187,-36.072,52.612,-3.662
0.537,0.388,0.200,-27.893,49.561,-9.216
0.493,0.425,0.181,-21.484,45.776,-12.268
0.469,0.442,0.174,-16.663,42.114,-16.174
0.449,0.459,0.165,-15.442,38.757,-18.555
0.382,0.471,0.157,-19.592,36.926,-16.724
0.370,0.501,0.146,-25.635,33.997,-17.456
0.332,0.434,0.177,-28.870,29.602,-20.874
0.320,0.391,0.194,-33.386,26.245,-19.348
0.298,0.366,0.211,-34.851,23.193,-17.395
0.307,0.363,0.213,-31.372,19.836,-19.043
0.296,0.367,0.193,-28.137,17.334,-19.897
0.310,0.391,0.170,-26.855,13.855,-19.348
0.332,0.389,0.159,-25.696,10.498,-19.653
0.381,0.414,0.136,-26.611,8.606,-19.531
0.428,0.441,0.101,-27.466,7.385,-21.912
0.432,0.407,0.077,-27.832,4.761,-26.733
0.409,0.373,0.044,-29.785,2.563,-28.870
0.405,0.339,0.026,-32.532,0.244,-28.992
0.411,0.284,0.048,-32.532,-1.038,-28.503
0.424,0.277,0.051,-31.738,-3.784,-27.832
0.436,0.269,0.055,-29.358,-7.263,-29.053
0.469,0.260,0.044,-27.954,-10.742,-30.151
0.517,0.259,0.025,-30.029,-13.428,-29.785
0.542,0.208,0.036,-33.997,-15.625,-29.175
0.566,0.161,0.065,-35.645,-17.029,-28.625
0.588,0.155,0.072,-33.081,-18.982,-30.029
0.594,0.139,0.071,-29.541,-21.912,-32.959
0.618,0.097,0.074,-28.381,-24.963,-34.851
0.652,0.060,0.082,-27.832,-28.076,-35.461
0.698,0.024,0.080,-28.625,-30.518,-34.180
0.742,0.001,0.076,-31.067,-31.555,-30.762
0.782,-0.005,0.086,-31.982,-32.654,-27.710
0.808,0.004,0.101,-30.823,-33.508,-25.085
0.852,0.030,0.110,-28.137,-34.668,-25.513
0.889,0.055,0.126,-25.513,-35.156,-25.879
0.906,0.067,0.144,-26.306,-36.377,-25.452
0.930,0.031,0.167,-28.015,-39.124,-27.710
0.964,-0.018,0.195,-29.846,-39.490,-28.503
1.016,-0.082,0.222,-29.968,-40.466,-29.114
1.032,-0.137,0.237,-29.602,-39.490,-27.039
1.048,-0.164,0.249,-30.518,-38.147,-23.254
1.070,-0.158,0.264,-29.663,-36.316,-18.433
1.077,-0.132,0.287,-28.687,-33.752,-12.390
1.134,-0.112,0.304,-28.564,-33.081,-10.132
1.139,-0.112,0.307,-28.809,-30.457,-7.874
1.195,-0.099,0.299,-30.029,-28.076,-7.935
1.208,-0.141,0.298,-29.541,-27.161,-9.766
1.218,-0.184,0.319,-26.062,-25.818,-10.193
1.202,-0.174,0.310,-20.996,-25.146,-9.705
1.224,-0.144,0.314,-12.634,-25.330,-11.475
1.235,-0.095,0.302,-6.348,-25.574,-13.000
1.255,-0.072,0.281,-4.517,-25.635,-15.991
1.284,-0.106,0.290,-4.761,-24.536,-18.738
1.282,-0.145,0.275,-5.249,-21.790,-19.470
1.306,-0.238,0.370,-4.211,-23.254,-19.714
1.211,-0.131,0.286,-3.113,-27.161,-21.423
1.287,-0.201,0.375,12.451,-12.634,-19.958
1.197,-0.149,0.324,11.414,-11.780,-17.456
1.185,-0.110,0.291,5.737,-10.193,-12.024
1.201,-0.121,0.300,5.066,-5.920,-7.996
1.173,-0.094,0.271,-0.671,-5.554,-4.578
1.166,-0.092,0.272,-4.272,-4.944,-3.113
1.160,-0.114,0.296,-1.648,-4.395,-5.615
1.146,-0.123,0.302,3.174,-5.249,-10.010
1.118,-0.113,0.296,7.019,-5.615,-12.146
1.107,-0.100,0.302,8.789,-5.249,-11.963
1.095,-0.087,0.306,8.179,-3.906,-9.399
1.081,-0.082,0.305,6.836,-1.892,-6.775
1.066,-0.068,0.291,5.127,0.244,-4.883
1.035,-0.064,0.269,4.150,1.892,-4.150
1.013,-0.054,0.257,4.089,2.014,-4.089
0.997,-0.044,0.248,4.028,1.465,-4.211
0.980,-0.034,0.248,3.906,1.099,-3.479
0.969,-0.015,0.253,3.174,1.282,-1.953
0.967,-0.006,0.268,2.686,1.892,-0.488
0.968,0.001,0.277,2.441,2.686,1.160
0.966,0.013,0.277,2.014,2.808,1.709
0.950,0.012,0.271,2.808,2.747,1.038
0.944,0.024,0.266,4.028,2.625,0.305
0.936,0.022,0.264,4.639,3.174,-0.488
0.912,0.025,0.248,4.211,3.906,-0.488
0.904,0.033,0.235,2.869,3.296,-0.061
0.909,0.026,0.241,1.892,1.221,-0.122
0.915,0.031,0.246,2.319,-0.793,-0.977
0.918,0.027,0.253,3.113,-2.319,-1.770
0.925,0.021,0.269,3.906,-2.930,-2.197
0.928,0.026,0.280,4.639,-2.197,-2.197
0.923,0.021,0.281,3.784,-0.610,-1.343
0.920,0.017,0.276,1.892,0.854,0.427

1.573,0.803,0.554,51.758,-46.936,48.340
1.642,0.814,0.599,49.866,-43.640,42.603
1.682,0.810,0.628,47.302,-37.354,38.757
1.706,0.806,0.651,45.044,-29.785,35.400
1.729,0.844,0.632,42.053,-21.851,32.166
1.709,0.859,0.668,36.316,-18.738,25.635
1.719,0.849,0.684,33.569,-13.428,19.470
1.727,0.776,0.739,31.128,2.747,24.048
1.678,0.783,0.707,18.433,2.808,20.630
1.650,0.693,0.731,17.456,13.428,19.714
1.595,0.667,0.707,15.808,18.982,17.212
1.547,0.628,0.704,15.198,23.254,12.817
1.498,0.587,0.698,13.916,27.100,7.385
1.444,0.536,0.682,12.756,32.837,3.052
1.390,0.503,0.655,11.230,40.222,0.671
1.338,0.474,0.606,8.179,47.058,-0.610
1.286,0.432,0.552,3.662,52.307,-0.793
1.213,0.398,0.497,-1.770,55.298,-0.305
1.146,0.346,0.467,-4.272,56.641,-0.488
1.081,0.340,0.428,-4.822,56.213,-1.892
1.026,0.318,0.411,-5.005,55.847,-2.991
0.988,0.316,0.382,-7.141,57.007,-2.258
0.972,0.327,0.358,-8.789,57.983,-1.526
0.934,0.335,0.324,-8.850,59.448,-2.075
0.882,0.334,0.265,-9.705,60.486,-3.601
0.828,0.327,0.214,-9.888,59.753,-6.287
0.772,0.300,0.193,-10.498,58.289,-8.057
0.724,0.282,0.172,-14.160,54.321,-7.141
0.691,0.240,0.181,-18.372,50.415,-4.761
0.652,0.205,0.213,-21.973,47.974,0.000
0.654,0.205,0.241,-21.790,46.997,4.700
0.658,0.279,0.256,-15.869,46.875,6.958
0.638,0.402,0.232,-10.742,47.729,6.042
0.610,0.488,0.189,-12.146,47.363,1.465
0.542,0.460,0.173,-16.968,48.279,-2.502
0.512,0.439,0.150,-26.367,48.096,-2.136
0.469,0.425,0.139,-33.875,46.631,-1.160
0.420,0.388,0.157,-36.621,42.725,-1.587
0.390,0.368,0.187,-37.903,36.560,-1.892
0.379,0.337,0.241,-32.898,30.640,-4.456
0.366,0.331,0.261,-26.245,25.940,-7.812
0.364,0.333,0.263,-22.522,23.560,-9.705
0.373,0.348,0.246,-19.836,23.132,-11.963
0.361,0.338,0.213,-18.921,23.254,-14.160
0.345,0.320,0.178,-20.020,22.888,-14.343
0.352,0.329,0.134,-22.522,21.118,-12.695
0.360,0.326,0.089,-26.123,18.921,-10.681
0.358,0.325,0.044,-30.640,17.151,-8.362
0.361,0.296,0.013,-33.997,13.367,-6.836
0.398,0.273,0.016,-33.264,9.705,-5.554
0.419,0.291,0.021,-30.029,3.113,-7.263
0.447,0.300,0.027,-25.330,-4.578,-11.292
0.468,0.302,0.054,-22.583,-8.240,-11.780
0.484,0.303,0.072,-23.987,-12.390,-11.597
0.520,0.298,0.093,-25.208,-13.489,-10.376
0.503,0.294,0.102,-26.367,-14.709,-10.864
0.518,0.292,0.104,-26.672,-16.968,-13.000
0.551,0.258,0.104,-27.161,-20.325,-15.930
0.585,0.203,0.126,-27.893,-23.560,-18.372
0.608,0.157,0.157,-29.480,-25.024,-17.395
0.631,0.163,0.181,-31.372,-24.963,-14.038
0.660,0.177,0.190,-33.936,-23.437,-11.353
0.672,0.195,0.182,-40.222,-20.081,-8.057
0.684,0.186,0.156,-50.354,-16.418,-4.639
0.693,0.104,0.135,-58.777,-13.306,-2.808
0.740,-0.011,0.116,-61.157,-12.695,-1.404
0.758,-0.075,0.102,-56.213,-15.564,-0.488
0.792,-0.041,0.093,-44.800,-21.912,-1.221
0.841,0.062,0.101,-34.058,-29.175,-2.625
0.874,0.161,0.121,-28.809,-35.889,-4.578
0.937,0.214,0.146,-28.870,-40.466,-6.897
1.037,0.215,0.178,-30.334,-41.687,-8.850
1.131,0.207,0.194,-29.541,-40.588,-12.451
1.173,0.181,0.214,-26.428,-39.063,-18.066
1.172,0.137,0.240,-23.987,-37.598,-22.339
1.163,0.124,0.269,-23.560,-35.767,-23.682
1.153,0.136,0.291,-24.536,-33.508,-23.193
1.147,0.150,0.295,-25.085,-31.189,-22.583
1.176,0.171,0.271,-24.475,-29.358,-23.254
1.214,0.181,0.231,-22.278,-28.259,-26.733
1.235,0.157,0.202,-20.813,-28.870,-31.006
1.245,0.101,0.210,-20.142,-30.396,-34.668
1.252,0.055,0.234,-17.273,-30.396,-37.903
1.219,0.032,0.246,-13.184,-29.175,-40.405
1.194,0.024,0.250,-10.193,-26.672,-41.016
1.185,0.037,0.241,-9.338,-24.170,-40.283
1.201,0.028,0.222,-11.108,-21.545,-39.368
1.238,-0.008,0.218,-13.855,-17.883,-37.476
1.257,-0.024,0.202,-13.489,-14.465,-36.499
1.230,-0.050,0.183,-11.902,-11.841,-36.560
1.233,-0.066,0.185,-12.146,-9.094,-34.668
1.186,-0.106,0.183,-12.146,-8.728,-33.447
1.165,-0.156,0.201,-10.254,-8.667,-31.677
1.157,-0.147,0.205,-6.104,-8.789,-29.602
1.165,-0.109,0.215,-1.465,-9.460,-30.151
1.170,-0.106,0.219,1.526,-7.935,-31.982
1.165,-0.124,0.209,0.305,-5.371,-32.471
1.147,-0.167,0.208,-1.709,-2.563,-31.250
1.101,-0.176,0.188,-2.380,-0.610,-28.198
1.065,-0.177,0.175,-1.465,0.549,-24.780
1.039,-0.168,0.173,0.427,0.366,-22.400
1.020,-0.151,0.182,2.930,-0.854,-20.569
1.018,-0.122,0.191,4.700,-2.197,-18.738
1.017,-0.114,0.197,4.944,-2.563,-16.418
1.016,-0.104,0.192,3.784,-2.441,-13.733
1.010,-0.110,0.197,3.174,-3.174,-12.268
1.001,-0.118,0.206,3.723,-2.380,-10.864
0.991,-0.114,0.213,3.601,-1.404,-9.155
0.980,-0.125,0.226,3.662,-0.244,-7.446
0.969,-0.114,0.226,3.601,0.793,-5.676
0.965,-0.104,0.233,3.784,1.465,-3.845
0.948,-0.094,0.228,4.822,2.258,-2.747
0.955,-0.072,0.223,6.287,2.808,-2.258
0.969,-0.066,0.226,7.751,3.296,-1.648
0.948,-0.042,0.198,5.615,2.808,0.305
0.958,-0.029,0.202,4.395,3.540,2.319
0.952,-0.017,0.203,4.395,4.028,3.052
0.947,0.006,0.198,4.456,2.930,2.014
0.961,0.025,0.208,5.920,1.404,0.000

1.443,0.718,0.750,50.476,-64.697,84.839
1.528,0.743,0.782,46.326,-57.007,79.285
1.589,0.783,0.773,43.091,-48.767,73.425
1.723,0.649,0.967,42.542,-42.725,66.223
1.591,0.834,0.762,40.466,-55.359,49.316
1.724,0.849,0.851,50.476,-40.100,49.744
1.748,0.927,0.845,47.485,-31.128,47.546
1.830,0.940,0.875,34.729,-23.193,49.805
1.728,0.987,0.844,19.287,-22.644,46.936
1.776,0.900,0.873,19.409,-11.841,41.443
1.700,0.875,0.832,22.522,3.967,38.696
1.690,0.803,0.860,18.799,16.541,38.757
1.644,0.738,0.880,14.709,24.963,36.804
1.575,0.743,0.837,11.780,23.743,27.527
1.538,0.734,0.790,17.883,28.320,18.127
1.482,0.664,0.761,19.775,33.569,10.620
1.399,0.602,0.718,16.174,37.842,7.263
1.329,0.557,0.682,10.742,43.640,9.827
1.271,0.504,0.671,5.005,46.631,11.414
1.214,0.493,0.645,0.061,50.720,14.282
1.156,0.483,0.619,-4.150,52.856,14.526
1.144,0.465,0.617,-5.127,55.908,13.062
1.092,0.450,0.598,-3.357,61.096,10.742
1.049,0.455,0.553,-2.258,66.589,7.935
1.018,0.450,0.501,-4.150,71.167,7.324
0.944,0.432,0.451,-8.911,74.524,9.338
0.886,0.434,0.410,-13.367,77.026,10.193
0.849,0.443,0.374,-16.357,78.186,10.498
0.799,0.472,0.341,-21.179,77.698,10.742
0.762,0.467,0.301,-25.879,75.867,7.446
0.753,0.431,0.274,-27.039,74.524,3.235
0.698,0.413,0.252,-27.283,73.914,1.770
0.673,0.421,0.221,-29.053,72.327,0.427
0.634,0.408,0.214,-29.541,71.472,-0.732
0.608,0.427,0.197,-31.799,71.228,0.427
0.555,0.448,0.159,-34.973,70.190,1.770
0.536,0.445,0.140,-36.682,67.871,1.038
0.509,0.431,0.130,-35.950,65.674,-0.549
0.485,0.438,0.114,-36.865,62.195,-0.793
0.448,0.430,0.108,-36.011,56.946,-2.075
0.437,0.417,0.114,-35.950,50.476,-4.639
0.433,0.396,0.138,-32.959,46.204,-7.385
0.410,0.423,0.130,-31.738,42.297,-7.874
0.426,0.421,0.133,-31.555,39.307,-8.728
0.376,0.413,0.123,-32.349,37.048,-9.216
0.383,0.429,0.111,-33.691,33.752,-10.620
0.373,0.412,0.110,-32.043,31.494,-13.367
0.360,0.401,0.080,-33.142,28.992,-14.343
0.358,0.388,0.049,-34.424,25.940,-14.771
0.357,0.385,0.017,-34.546,21.606,-15.564
0.366,0.352,-0.004,-35.645,16.785,-16.174
0.380,0.316,-0.026,-35.828,13.672,-16.724
0.369,0.285,-0.053,-34.912,9.766,-17.334
0.376,0.269,-0.052,-33.630,4.639,-17.212
0.383,0.266,-0.032,-32.593,-0.427,-16.479
0.397,0.263,0.004,-32.776,-3.601,-14.832
0.390,0.280,0.023,-34.180,-5.188,-12.756
0.379,0.290,0.026,-39.001,-5.554,-9.338
0.370,0.286,0.013,-45.837,-5.676,-5.005
0.382,0.270,-0.022,-50.842,-6.958,-3.174
0.421,0.248,-0.059,-51.270,-9.949,-3.845
0.464,0.247,-0.100,-47.607,-14.954,-6.653
0.494,0.235,-0.122,-42.358,-21.179,-10.132
0.526,0.278,-0.125,-39.429,-26.001,-11.108
0.531,0.319,-0.115,-39.673,-33.081,-12.756
0.577,0.344,-0.065,-39.917,-40.100,-15.930
0.626,0.348,-0.032,-40.527,-45.715,-19.714
0.733,0.305,0.016,-39.795,-49.438,-24.536
0.760,0.259,0.077,-38.147,-53.040,-29.419
0.814,0.220,0.173,-36.438,-55.298,-34.119
0.819,0.201,0.224,-35.522,-55.481,-36.499
0.853,0.155,0.267,-34.668,-53.772,-39.063
0.878,0.084,0.250,-35.767,-51.819,-39.368
0.935,0.011,0.226,-39.185,-50.171,-37.354
0.959,-0.059,0.237,-38.208,-48.950,-34.485
0.989,-0.078,0.256,-33.630,-49.500,-32.349
0.978,-0.032,0.266,-26.550,-49.988,-30.212
1.049,0.018,0.309,-21.912,-49.500,-29.114
1.056,0.050,0.304,-23.193,-50.293,-29.297
1.132,0.044,0.292,-26.917,-48.279,-29.297
1.157,-0.008,0.259,-28.198,-45.715,-30.945
1.169,-0.063,0.242,-27.710,-44.250,-31.433
1.165,-0.093,0.221,-26.428,-43.274,-29.907
1.181,-0.117,0.232,-24.536,-43.640,-27.832
1.214,-0.082,0.254,-21.179,-44.128,-25.024
1.301,-0.018,0.294,-18.494,-43.762,-22.400
1.444,-0.135,0.417,-19.165,-45.105,-21.545
1.234,0.100,0.176,-30.334,-60.181,-28.198
1.419,-0.088,0.360,-11.719,-40.710,-29.968
1.337,-0.055,0.290,-3.906,-40.161,-36.194
1.359,-0.065,0.319,-6.165,-37.354,-33.325
1.353,-0.080,0.338,-4.761,-29.968,-30.151
1.349,-0.057,0.330,-10.254,-25.269,-26.672
1.327,-0.066,0.316,-13.000,-19.714,-23.010
1.325,-0.076,0.315,-12.085,-15.442,-22.217
1.286,-0.078,0.289,-9.766,-13.123,-23.560
1.273,-0.127,0.308,-6.958,-10.803,-23.987
1.250,-0.145,0.318,-4.517,-8.972,-23.010
1.228,-0.141,0.319,-1.648,-7.263,-21.606
1.200,-0.128,0.303,1.526,-4.578,-19.653
1.183,-0.116,0.288,2.869,-2.808,-17.883
1.172,-0.131,0.292,2.625,0.305,-14.526
1.149,-0.099,0.276,0.854,4.150,-9.521
1.125,-0.084,0.265,0.793,7.568,-7.141
1.085,-0.062,0.241,1.831,9.521,-6.226
1.046,-0.039,0.208,1.221,9.827,-5.188
1.017,-0.031,0.193,1.282,9.033,-4.761
0.997,-0.016,0.177,0.244,6.104,-4.517
0.999,-0.036,0.198,-0.854,3.540,-3.967
0.998,-0.035,0.223,-0.488,2.014,-2.991
0.998,-0.021,0.245,2.563,1.892,-2.991
0.979,0.002,0.247,5.798,2.197,-4.028
0.958,-0.003,0.249,6.958,3.296,-4.395
0.940,-0.002,0.244,6.592,4.944,-3.113
0.915,0.006,0.226,6.042,4.883,-1.770
0.909,0.006,0.215,5.981,4.883,-0.183
0.904,0.047,0.187,4.883,4.028,1.709
0.894,0.051,0.175,4.211,2.197,1.709
0.880,0.040,0.179,3.601,0.183,1.892

1.463,0.726,0.482,49.866,-42.053,86.060
1.511,0.735,0.481,48.096,-37.964,77.881
1.503,0.706,0.477,51.086,-35.950,67.261
1.511,0.660,0.487,53.345,-33.386,58.960
1.534,0.676,0.493,54.138,-30.029,54.138
1.555,0.758,0.483,52.429,-25.085,52.917
1.606,0.820,0.469,47.424,-18.433,52.368
1.651,0.821,0.497,40.222,-16.235,47.058
1.607,0.855,0.427,36.011,-13.794,41.687
1.656,0.783,0.460,38.086,1.038,41.077
1.626,0.764,0.446,29.846,4.578,39.307
1.588,0.709,0.466,24.353,13.000,42.725
1.546,0.729,0.468,21.179,16.785,41.443
1.539,0.778,0.491,22.766,21.240,38.635
1.522,0.797,0.501,22.217,23.132,31.738
1.527,0.744,0.532,19.043,26.001,24.475
1.460,0.690,0.515,12.573,29.419,18.250
1.412,0.635,0.501,7.996,36.682,14.709
1.337,0.567,0.478,2.869,42.175,11.780
1.287,0.512,0.453,-1.465,45.776,10.254
1.232,0.490,0.423,-2.258,46.753,7.996
1.207,0.481,0.416,-1.526,46.631,4.639
1.167,0.456,0.393,-2.686,48.462,2.014
1.128,0.409,0.375,-5.615,52.368,1.099
1.075,0.366,0.356,-6.653,57.251,1.038
1.029,0.360,0.328,-5.188,60.852,0.671
0.989,0.384,0.301,-2.747,63.232,-0.061
0.938,0.446,0.252,-2.258,65.308,-0.671
0.926,0.466,0.234,-4.700,67.322,-1.526
0.895,0.450,0.218,-10.132,69.458,-2.258
0.842,0.410,0.194,-16.113,70.496,-2.441
0.785,0.372,0.156,-20.203,70.313,-2.380
0.753,0.365,0.117,-23.376,68.481,-2.136
0.682,0.329,0.091,-26.245,63.171,-2.197
0.625,0.296,0.074,-30.579,57.739,-0.427
0.608,0.278,0.096,-28.320,51.025,-0.793
0.598,0.309,0.104,-21.057,45.837,-2.502
0.589,0.348,0.083,-17.273,42.236,-4.211
0.510,0.354,0.073,-18.921,40.466,-3.479
0.507,0.362,0.074,-21.851,39.551,-3.113
0.484,0.334,0.097,-21.912,39.001,-3.174
0.432,0.364,0.073,-22.522,37.903,-2.747
0.399,0.375,0.055,-22.278,36.194,-3.601
0.333,0.363,0.026,-24.841,33.630,-3.296
0.292,0.344,0.032,-27.771,28.625,-2.380
0.275,0.358,0.040,-27.527,20.813,-1.648
0.305,0.382,0.061,-25.513,11.963,-3.357
0.320,0.374,0.069,-22.217,5.310,-6.958
0.333,0.375,0.067,-21.057,1.099,-9.216
0.331,0.396,0.059,-21.973,-1.404,-9.827
0.344,0.426,0.049,-25.024,-2.991,-10.376
0.359,0.399,0.042,-28.381,-4.089,-12.390
0.360,0.337,0.021,-30.701,-4.333,-14.954
0.332,0.283,-0.006,-31.311,-4.761,-15.503
0.340,0.246,-0.029,-30.762,-7.263,-14.404
0.374,0.233,-0.040,-30.762,-10.742,-11.719
0.402,0.242,-0.033,-30.273,-15.076,-8.606
0.426,0.269,-0.014,-30.273,-19.958,-6.287
0.435,0.291,0.011,-31.921,-24.048,-4.272
0.451,0.283,0.062,-36.255,-26.489,-1.343
0.460,0.253,0.110,-40.466,-26.428,2.686
0.476,0.210,0.119,-42.114,-25.513,5.127
0.518,0.188,0.085,-41.321,-23.315,6.897
0.548,0.200,0.025,-41.443,-22.522,7.812
0.572,0.237,-0.027,-45.044,-22.949,10.376
0.593,0.249,-0.046,-52.795,-24.292,14.648
0.630,0.230,-0.016,-58.655,-26.672,17.883
0.652,0.243,0.002,-57.190,-31.738,17.700
0.666,0.263,0.016,-49.866,-39.490,12.268
0.717,0.229,0.042,-40.405,-47.791,4.456
0.790,0.204,0.079,-34.363,-54.016,0.305
0.858,0.187,0.129,-29.419,-56.274,-0.793
0.921,0.244,0.135,-24.597,-55.786,-1.099
0.949,0.311,0.112,-22.034,-55.664,-3.052
0.964,0.340,0.118,-22.461,-55.908,-5.981
1.014,0.355,0.134,-25.818,-55.969,-7.507
1.083,0.356,0.178,-27.771,-54.993,-8.789
1.140,0.361,0.223,-26.794,-52.429,-11.414
1.161,0.337,0.242,-25.146,-52.734,-17.456
1.138,0.253,0.265,-22.766,-52.917,-24.170
1.127,0.197,0.284,-19.470,-54.382,-29.419
1.139,0.151,0.312,-15.015,-56.091,-32.715
1.213,0.148,0.330,-10.010,-55.298,-35.950
1.270,0.143,0.319,-5.188,-52.917,-40.527
1.296,0.130,0.296,-5.920,-49.622,-43.152
1.269,0.070,0.293,-10.010,-45.715,-43.701
1.244,-0.011,0.315,-13.184,-41.870,-43.579
1.221,-0.079,0.344,-13.062,-38.818,-42.847
1.208,-0.118,0.359,-9.216,-35.034,-41.565
1.199,-0.115,0.349,-4.089,-31.006,-39.551
1.220,-0.078,0.318,-0.916,-28.015,-37.415
1.250,-0.053,0.292,1.343,-25.146,-36.194
1.262,-0.050,0.262,2.502,-23.071,-36.133
1.299,-0.111,0.305,4.028,-23.560,-37.781
1.180,0.002,0.190,1.221,-27.954,-39.734
1.232,-0.110,0.289,10.071,-16.052,-37.170
1.170,-0.090,0.259,7.080,-15.625,-33.691
1.169,-0.106,0.282,2.319,-14.038,-27.039
1.192,-0.101,0.316,5.859,-11.108,-23.987
1.193,-0.057,0.307,8.484,-10.254,-22.827
1.216,-0.003,0.295,12.634,-8.057,-23.437
1.182,-0.000,0.275,14.648,-5.859,-25.391
1.158,-0.012,0.258,10.071,-3.418,-23.682
1.114,-0.028,0.235,4.028,-0.854,-18.616
1.068,-0.033,0.211,0.854,-0.610,-14.465
1.037,-0.031,0.202,-0.305,-2.563,-11.780
1.016,-0.040,0.216,1.343,-5.737,-10.864
1.034,-0.019,0.245,5.005,-8.728,-10.559
1.046,-0.011,0.279,8.545,-8.911,-10.559
1.043,-0.005,0.292,10.742,-6.165,-9.705
1.034,0.029,0.283,11.963,-2.441,-8.179
1.015,0.039,0.270,10.132,1.282,-6.348
0.996,0.053,0.246,6.592,4.700,-3.052
0.966,0.075,0.224,3.296,5.371,-0.793
0.971,0.083,0.232,1.648,5.371,0.854
0.961,0.096,0.226,1.343,3.784,0.549
0.950,0.105,0.216,1.404,1.465,-0.977
0.955,0.094,0.234,2.258,-0.122,-2.136
0.958,0.080,0.249,3.296,-1.404,-2.441

1.414,0.790,0.448,48.157,-19.470,49.622
1.478,0.780,0.471,41.382,-14.099,49.011
1.512,0.795,0.451,36.743,-14.587,43.518
1.564,0.782,0.492,33.936,-10.132,42.480
1.572,0.838,0.505,29.480,-1.221,44.250
1.588,0.878,0.545,21.240,4.822,45.593
1.594,0.929,0.563,15.015,12.634,45.227
1.598,0.937,0.583,14.404,18.982,38.757
1.560,0.937,0.561,15.259,24.170,28.564
1.537,0.895,0.559,15.564,30.090,18.372
1.466,0.826,0.553,11.963,33.630,9.155
1.407,0.736,0.560,6.348,37.048,3.296
1.347,0.662,0.557,2.747,40.771,-0.488
1.301,0.611,0.531,1.038,43.335,-3.296
1.244,0.567,0.492,-1.038,45.776,-5.493
1.184,0.513,0.449,-3.479,48.096,-7.202
1.148,0.474,0.425,-6.226,51.819,-7.202
1.085,0.467,0.391,-9.399,55.847,-6.836
1.016,0.453,0.351,-14.648,59.692,-6.348
0.963,0.454,0.309,-20.508,62.561,-4.578
0.935,0.445,0.269,-24.292,64.453,-4.211
0.870,0.430,0.213,-25.452,64.514,-5.188
0.826,0.436,0.165,-25.146,62.195,-7.568
0.784,0.433,0.136,-24.475,58.533,-9.644
0.759,0.432,0.137,-26.367,55.176,-10.620
0.711,0.415,0.146,-28.320,53.528,-10.681
0.669,0.404,0.143,-28.259,52.856,-11.658
0.618,0.402,0.118,-26.917,52.490,-13.000
0.577,0.411,0.093,-27.283,51.453,-13.672
0.523,0.405,0.078,-28.870,49.927,-13.367
0.507,0.406,0.049,-31.738,46.936,-13.306
0.458,0.363,0.034,-33.264,42.236,-14.404
0.421,0.358,0.015,-35.095,36.865,-13.916
0.396,0.356,0.023,-36.438,30.884,-13.062
0.371,0.313,0.068,-36.499,25.208,-13.123
0.356,0.297,0.100,-35.400,20.203,-13.184
0.348,0.293,0.130,-32.288,17.029,-13.184
0.340,0.291,0.143,-29.785,14.099,-13.489
0.308,0.300,0.126,-28.870,11.902,-12.207
0.311,0.306,0.120,-28.137,9.521,-11.902
0.323,0.299,0.120,-29.114,7.202,-10.559
0.344,0.293,0.120,-32.471,5.493,-7.141
0.361,0.281,0.114,-33.508,3.906,-5.676
0.371,0.286,0.085,-32.959,1.953,-6.287
0.367,0.282,0.048,-30.762,-0.549,-8.301
0.360,0.275,0.026,-29.297,-4.395,-10.376
0.367,0.244,0.030,-29.419,-8.667,-10.925
0.400,0.222,0.036,-29.236,-12.573,-10.071
0.420,0.198,0.037,-28.931,-15.869,-8.728
0.444,0.195,0.040,-27.710,-18.372,-6.897
0.484,0.245,0.035,-25.269,-20.630,-5.676
0.501,0.304,0.021,-23.376,-23.743,-6.470
0.498,0.327,0.017,-23.560,-27.405,-9.399
0.536,0.300,0.026,-23.254,-31.738,-12.939
0.593,0.245,0.038,-21.851,-34.973,-16.418
0.617,0.214,0.036,-20.691,-37.476,-18.799
0.636,0.170,0.054,-20.142,-39.185,-18.860
0.679,0.151,0.095,-19.836,-39.856,-16.541
0.714,0.167,0.124,-19.470,-41.016,-15.076
0.761,0.184,0.134,-16.479,-41.626,-16.357
0.773,0.183,0.118,-16.052,-41.992,-17.517
0.801,0.138,0.122,-17.029,-42.664,-17.700
0.836,0.092,0.135,-17.639,-42.786,-16.724
0.865,0.077,0.141,-17.273,-42.542,-15.625
0.880,0.110,0.117,-16.479,-41.077,-15.259
0.881,0.128,0.100,-18.921,-41.565,-15.015
0.907,0.146,0.103,-22.278,-44.006,-14.282
0.961,0.162,0.136,-24.719,-47.607,-14.282
1.023,0.154,0.186,-24.170,-50.842,-15.930
1.101,0.142,0.235,-20.630,-52.307,-19.714
1.127,0.127,0.268,-15.747,-51.331,-23.865
1.153,0.119,0.292,-13.123,-48.401,-27.039
1.168,0.124,0.304,-13.184,-44.678,-28.992
1.165,0.108,0.305,-14.771,-42.053,-31.799
1.165,0.084,0.302,-16.907,-40.833,-33.752
1.197,0.052,0.312,-18.066,-40.344,-34.790
1.225,0.013,0.328,-17.273,-40.222,-35.767
1.257,-0.008,0.338,-14.038,-39.429,-37.292
1.261,-0.030,0.341,-10.193,-37.476,-38.818
1.251,-0.061,0.347,-7.324,-34.790,-39.368
1.288,-0.032,0.346,-5.249,-32.166,-39.185
1.252,-0.058,0.355,-6.531,-36.865,-41.077
1.242,-0.004,0.310,-8.301,-36.987,-42.847
1.304,-0.122,0.374,0.000,-22.949,-40.588
1.270,-0.107,0.326,-7.751,-22.949,-36.621
1.273,-0.136,0.341,-10.925,-16.968,-29.175
1.270,-0.138,0.351,-9.460,-13.428,-26.184
1.241,-0.110,0.340,-7.385,-11.414,-23.560
1.235,-0.081,0.344,-2.747,-8.972,-23.499
1.203,-0.059,0.332,0.427,-7.080,-24.048
1.175,-0.050,0.318,1.587,-5.676,-25.085
1.144,-0.087,0.317,-0.488,-4.395,-24.414
1.120,-0.125,0.315,-3.479,-2.686,-20.752
1.113,-0.140,0.318,-3.662,-0.977,-16.785
1.102,-0.126,0.314,-0.610,0.549,-14.526
1.084,-0.097,0.299,3.052,1.953,-13.000
1.054,-0.082,0.283,4.700,3.296,-11.475
1.040,-0.044,0.258,4.272,4.578,-8.789
1.019,-0.024,0.234,1.282,4.883,-5.432
1.002,-0.016,0.222,-0.854,4.211,-3.540
0.992,-0.017,0.234,-1.404,2.563,-3.052
0.991,-0.030,0.263,0.854,1.587,-3.540
0.981,-0.023,0.266,4.028,1.892,-4.456
0.955,-0.016,0.252,5.676,2.686,-4.333
0.940,-0.002,0.248,5.981,3.296,-3.052
0.941,0.039,0.235,5.554,3.967,-1.404
0.937,0.037,0.235,3.601,3.967,0.122
0.936,0.056,0.226,0.244,3.845,1.892
0.940,0.045,0.236,-0.488,3.296,1.892
0.935,0.047,0.234,0.732,2.014,0.366
0.929,0.055,0.233,2.625,0.671,-1.343
0.924,0.053,0.242,3.784,-0.549,-2.197
0.923,0.058,0.254,4.150,-1.465,-2.441
0.918,0.062,0.262,5.005,-1.953,-2.808
0.921,0.057,0.277,5.005,-2.075,-3.174
0.930,0.047,0.295,4.272,-1.343,-2.441
0.936,0.058,0.296,3.906,0.061,-1.465
0.933,0.082,0.284,3.357,0.916,-0.793
0.933,0.078,0.278,1.892,1.282,-0.549

1.454,0.715,0.646,55.115,-46.082,70.740
1.526,0.751,0.662,53.284,-40.710,64.697
1.599,0.784,0.658,55.115,-34.363,54.565
1.576,0.714,0.681,52.795,-32.898,43.152
1.459,0.711,0.591,51.880,-32.776,31.250
1.487,0.673,0.588,54.688,-15.076,33.447
1.492,0.697,0.564,45.471,-11.169,35.767
1.499,0.771,0.511,36.804,-3.235,41.138
1.504,0.739,0.518,30.457,0.732,40.771
1.466,0.757,0.464,24.048,2.380,39.001
1.444,0.718,0.461,25.391,10.925,38.757
1.430,0.705,0.455,23.926,13.000,36.133
1.432,0.690,0.476,22.217,15.076,34.851
1.363,0.753,0.442,17.639,10.498,30.396
1.389,0.726,0.489,20.020,9.216,23.010
1.367,0.704,0.513,23.010,7.751,14.893
1.356,0.679,0.524,20.996,7.935,10.315
1.343,0.606,0.535,15.930,11.597,8.423
1.310,0.531,0.540,8.423,18.677,11.047
1.273,0.511,0.529,2.319,27.405,15.930
1.220,0.528,0.497,-1.831,33.691,19.836
1.191,0.551,0.479,-4.883,37.781,21.423
1.149,0.552,0.464,-6.836,40.039,19.714
1.112,0.538,0.448,-7.568,41.382,15.869
1.080,0.503,0.437,-7.324,42.908,11.841
1.035,0.533,0.383,-8.728,44.556,9.277
1.008,0.523,0.369,-8.911,46.509,3.479
0.960,0.506,0.356,-11.047,47.424,-1.160
0.903,0.490,0.336,-12.024,49.133,-3.906
0.873,0.500,0.319,-12.146,49.072,-7.202
0.792,0.492,0.293,-13.733,47.668,-10.071
0.762,0.466,0.282,-16.785,46.387,-12.207
0.741,0.414,0.278,-19.165,45.959,-14.099
0.716,0.382,0.273,-22.156,45.837,-13.245
0.685,0.374,0.257,-24.719,46.021,-10.986
0.648,0.391,0.234,-26.001,46.814,-7.141
0.626,0.436,0.223,-28.015,46.448,-4.150
0.631,0.469,0.229,-28.992,46.204,-3.601
0.540,0.474,0.209,-30.518,45.166,-3.601
0.536,0.477,0.213,-31.982,42.847,-5.737
0.509,0.438,0.244,-31.006,39.368,-8.667
0.504,0.473,0.253,-31.677,34.790,-9.888
0.503,0.495,0.265,-29.968,30.029,-15.625
0.467,0.469,0.284,-30.701,25.757,-22.583
0.429,0.389,0.320,-29.663,23.804,-27.222
0.419,0.381,0.307,-28.809,22.339,-28.076
0.394,0.364,0.303,-26.489,20.874,-29.175
0.388,0.357,0.287,-25.513,20.203,-28.564
0.375,0.331,0.260,-26.001,19.592,-27.527
0.381,0.317,0.232,-26.428,17.883,-26.794
0.379,0.299,0.195,-26.123,14.954,-27.222
0.393,0.269,0.170,-25.940,12.085,-27.405
0.405,0.258,0.154,-25.818,8.667,-25.818
0.421,0.282,0.146,-24.597,4.578,-24.658
0.424,0.280,0.149,-23.621,0.916,-24.780
0.436,0.256,0.144,-25.513,-1.587,-23.376
0.463,0.217,0.144,-28.381,-3.418,-20.935
0.486,0.170,0.156,-28.076,-4.639,-19.531
0.502,0.172,0.147,-24.536,-6.470,-19.409
0.511,0.191,0.124,-21.484,-9.094,-20.386
0.500,0.183,0.104,-22.583,-10.986,-19.836
0.490,0.151,0.096,-27.405,-11.902,-15.930
0.509,0.120,0.085,-30.701,-12.573,-10.986
0.560,0.101,0.094,-29.175,-14.709,-7.690
0.593,0.134,0.098,-23.926,-18.921,-7.080
0.630,0.168,0.086,-20.752,-23.376,-7.935
0.656,0.179,0.072,-22.522,-25.757,-7.751
0.679,0.179,0.052,-27.893,-27.100,-5.432
0.691,0.143,0.065,-31.189,-28.992,-4.456
0.726,0.112,0.102,-30.090,-32.288,-4.333
0.792,0.118,0.118,-23.376,-36.133,-5.432
0.863,0.147,0.135,-16.357,-39.734,-7.568
0.926,0.162,0.184,-14.221,-41.992,-8.118
0.994,0.187,0.233,-13.916,-40.039,-8.118
1.012,0.235,0.238,-14.587,-36.072,-9.827
1.003,0.237,0.216,-16.602,-31.738,-13.245
0.999,0.205,0.163,-20.447,-28.748,-16.418
1.009,0.152,0.129,-24.414,-28.381,-17.456
1.026,0.141,0.127,-26.489,-30.518,-16.418
1.065,0.144,0.165,-24.536,-34.241,-16.907
1.109,0.136,0.222,-18.860,-37.781,-20.569
1.135,0.120,0.254,-13.977,-39.185,-25.146
1.144,0.132,0.252,-10.498,-38.086,-28.076
1.157,0.125,0.244,-10.925,-36.133,-30.945
1.170,0.052,0.250,-14.221,-32.166,-32.776
1.182,-0.011,0.257,-18.066,-28.442,-31.982
1.172,-0.077,0.270,-18.555,-27.344,-31.799
1.165,-0.111,0.285,-15.381,-25.146,-30.396
1.160,-0.095,0.276,-10.803,-24.475,-30.029
1.153,-0.078,0.270,-8.118,-23.865,-29.297
1.146,-0.062,0.263,-7.996,-23.315,-28.076
1.161,-0.048,0.253,-7.874,-23.560,-28.259
1.181,-0.067,0.252,-8.240,-24.109,-29.419
1.212,-0.117,0.280,-7.996,-23.071,-30.151
1.255,-0.184,0.341,-6.714,-21.729,-29.785
1.122,-0.078,0.221,-6.714,-26.062,-30.762
1.187,-0.121,0.299,1.709,-18.433,-30.090
1.154,-0.096,0.290,2.380,-16.541,-28.320
1.152,-0.088,0.311,-0.977,-14.282,-23.193
1.159,-0.090,0.326,0.000,-10.193,-20.447
1.151,-0.071,0.311,-1.343,-6.531,-16.724
1.136,-0.062,0.294,-2.808,-2.808,-12.451
1.116,-0.060,0.285,-3.357,-0.366,-9.644
1.106,-0.029,0.273,-2.563,0.244,-8.667
1.082,-0.016,0.261,-0.793,0.305,-9.460
1.049,0.005,0.240,1.038,0.000,-10.376
1.025,0.023,0.229,0.732,-0.977,-10.498
1.022,0.017,0.241,0.122,-2.380,-10.132
1.033,0.001,0.266,-0.732,-2.991,-9.583
1.036,-0.005,0.281,0.488,-2.441,-9.094
1.024,-0.009,0.277,2.136,-1.343,-9.766
1.011,-0.016,0.273,3.784,-0.366,-10.376
0.991,-0.018,0.262,5.554,0.793,-10.315
0.967,-0.000,0.241,5.493,1.831,-8.972
0.951,-0.001,0.236,3.601,2.502,-6.653
0.944,0.005,0.234,1.648,1.709,-4.517
0.945,0.007,0.241,1.587,0.549,-3.784
0.953,0.010,0.258,2.014,-0.549,-3.601
0.961,0.016,0.276,2.380,-0.793,-2.991

1.354,0.634,0.484,33.020,-44.617,39.063
1.392,0.523,0.519,26.001,-35.706,42.114
1.331,0.499,0.494,22.766,-28.381,42.664
1.400,0.524,0.530,23.132,-23.132,45.044
1.405,0.677,0.487,21.973,-18.372,49.500
1.477,0.729,0.521,19.714,-12.573,50.049
1.496,0.735,0.528,19.897,-6.775,46.509
1.496,0.735,0.501,21.851,-1.648,41.321
1.469,0.704,0.494,27.405,4.639,33.630
1.477,0.685,0.499,31.860,12.207,26.978
1.406,0.634,0.494,28.320,15.625,22.827
1.396,0.576,0.521,20.874,16.357,17.700
1.356,0.497,0.532,15.503,17.029,13.245
1.319,0.456,0.526,14.893,17.639,9.094
1.281,0.445,0.504,16.479,19.348,6.714
1.267,0.439,0.504,16.968,22.339,5.249
1.257,0.440,0.481,14.648,25.635,4.395
1.269,0.363,0.552,10.010,29.541,4.883
1.130,0.427,0.428,5.615,27.771,0.000
1.176,0.356,0.460,9.399,42.236,2.747
1.088,0.362,0.385,3.540,43.701,2.319
1.052,0.331,0.353,-3.174,45.410,4.028
1.007,0.342,0.300,-6.226,46.875,5.066
0.994,0.342,0.268,-7.263,46.631,4.578
0.977,0.380,0.231,-7.019,43.701,2.747
0.954,0.417,0.204,-6.592,38.269,-1.221
0.942,0.419,0.208,-6.592,35.339,-4.578
0.921,0.396,0.234,-9.766,34.607,-4.944
0.899,0.380,0.273,-14.282,35.217,-3.662
0.896,0.367,0.319,-16.052,36.926,-2.686
0.896,0.404,0.329,-15.015,39.856,-3.235
0.874,0.384,0.328,-15.320,42.603,-5.066
0.835,0.383,0.283,-19.714,44.739,-6.958
0.799,0.326,0.279,-20.813,45.715,-9.338
0.767,0.319,0.259,-21.729,45.593,-8.423
0.720,0.327,0.236,-24.292,43.579,-6.531
0.707,0.374,0.237,-25.024,41.199,-6.104
0.708,0.415,0.238,-25.940,37.964,-8.057
0.657,0.444,0.212,-27.527,34.058,-12.451
0.638,0.414,0.226,-25.574,29.846,-19.775
0.630,0.369,0.257,-23.499,25.452,-25.635
0.609,0.350,0.272,-23.987,24.231,-26.306
0.569,0.344,0.246,-26.978,24.536,-25.391
0.532,0.321,0.240,-28.381,25.452,-24.780
0.485,0.307,0.211,-28.992,25.269,-22.522
0.466,0.323,0.190,-28.503,23.560,-21.240
0.452,0.301,0.178,-26.489,20.325,-22.461
0.448,0.280,0.175,-24.475,15.930,-23.865
0.461,0.274,0.183,-21.667,12.207,-24.536
0.450,0.251,0.176,-21.179,9.216,-23.804
0.447,0.257,0.159,-23.376,8.423,-20.569
0.430,0.259,0.140,-25.452,8.118,-17.944
0.431,0.262,0.120,-26.184,6.348,-16.174
0.443,0.263,0.099,-27.222,3.784,-14.160
0.460,0.248,0.081,-28.809,0.671,-12.451
0.483,0.223,0.069,-31.250,-2.502,-10.193
0.501,0.200,0.065,-32.715,-5.615,-8.545
0.502,0.186,0.067,-32.715,-8.423,-7.568
0.492,0.180,0.063,-34.241,-12.390,-6.775
0.479,0.150,0.093,-36.194,-17.395,-5.859
0.484,0.122,0.142,-37.598,-21.729,-4.333
0.490,0.107,0.190,-38.452,-24.902,-2.075
0.538,0.105,0.236,-36.987,-26.917,0.977
0.615,0.108,0.257,-33.691,-26.428,3.357
0.656,0.120,0.244,-29.541,-24.719,3.113
0.658,0.143,0.215,-25.269,-23.132,2.441
0.654,0.175,0.192,-23.865,-23.560,1.404
0.647,0.188,0.196,-24.963,-25.696,0.488
0.659,0.203,0.206,-27.344,-27.954,0.183
0.700,0.191,0.225,-28.442,-30.273,-0.793
0.752,0.166,0.222,-27.222,-31.677,-2.380
0.819,0.126,0.223,-24.109,-32.715,-4.700
0.842,0.100,0.221,-20.691,-33.203,-6.592
0.858,0.099,0.223,-16.785,-33.813,-7.751
0.865,0.122,0.222,-13.672,-35.400,-10.742
0.873,0.131,0.227,-11.292,-37.170,-14.160
0.895,0.140,0.241,-10.376,-38.025,-16.541
0.929,0.144,0.247,-10.620,-38.574,-17.944
0.995,0.138,0.250,-11.536,-38.208,-19.287
1.019,0.119,0.246,-13.000,-36.865,-20.142
1.030,0.105,0.245,-15.137,-35.156,-20.020
1.037,0.074,0.268,-15.564,-33.386,-20.813
1.037,0.028,0.283,-13.062,-31.921,-22.156
1.025,0.034,0.270,-8.423,-30.823,-23.743
1.023,0.056,0.247,-4.028,-31.982,-25.146
1.071,0.071,0.219,-2.991,-33.875,-25.574
1.114,0.040,0.210,-6.348,-34.485,-24.536
1.142,-0.003,0.229,-9.216,-32.898,-20.996
1.154,-0.012,0.252,-7.874,-31.738,-18.494
1.183,0.013,0.282,-2.747,-30.945,-19.165
1.215,0.076,0.299,1.343,-29.297,-21.484
1.216,0.105,0.270,0.427,-27.466,-24.048
1.323,0.030,0.359,-2.991,-28.076,-27.283
1.206,0.122,0.260,-10.864,-34.973,-31.982
1.332,0.008,0.376,-1.526,-20.752,-32.043
1.289,-0.005,0.365,-0.854,-17.578,-32.227
1.262,0.002,0.347,-7.141,-16.907,-29.907
1.242,-0.061,0.373,-5.798,-11.841,-28.870
1.198,-0.092,0.364,-3.357,-9.399,-27.649
1.170,-0.092,0.350,0.854,-7.751,-26.489
1.168,-0.092,0.336,6.287,-6.165,-26.123
1.108,-0.080,0.301,7.324,-7.446,-25.024
1.111,-0.073,0.283,5.005,-6.836,-24.231
1.119,-0.109,0.299,4.822,-3.479,-21.912
1.112,-0.073,0.281,0.977,-1.587,-17.761
1.101,-0.073,0.280,-1.526,0.305,-15.625
1.088,-0.079,0.283,-3.479,1.648,-14.954
1.059,-0.069,0.273,-3.540,1.770,-14.282
1.032,-0.069,0.268,-2.258,1.282,-14.343
1.013,-0.068,0.273,-0.305,0.610,-14.404
1.008,-0.072,0.289,1.282,-0.183,-14.099
1.011,-0.076,0.306,1.831,0.427,-12.268
1.007,-0.069,0.310,0.793,1.953,-9.033
0.995,-0.082,0.310,0.244,4.089,-6.897
0.974,-0.064,0.292,0.122,5.676,-5.127
0.957,-0.052,0.277,-0.732,6.592,-3.540
0.929,-0.042,0.263,-1.892,5.798,-2.319
0.924,-0.040,0.269,-2.686,4.761,-0.610
0.932,-0.021,0.280,-2.319,3.479,0.305

1.434,0.662,0.474,10.132,-9.216,69.153
1.482,0.651,0.518,8.667,-4.578,65.125
1.505,0.709,0.545,12.756,1.282,59.143
1.544,0.761,0.559,20.142,5.005,49.561
1.522,0.826,0.529,19.897,4.211,38.574
1.545,0.839,0.529,18.860,6.592,29.175
1.556,0.809,0.538,15.503,11.658,21.057
1.532,0.746,0.549,6.714,16.968,15.747
1.502,0.670,0.557,-0.916,22.949,12.268
1.429,0.594,0.541,-3.784,26.978,6.470
1.388,0.529,0.544,-2.991,28.931,-0.610
1.331,0.465,0.541,0.916,31.006,-6.653
1.306,0.420,0.528,3.479,35.278,-10.498
1.252,0.384,0.492,2.502,40.771,-12.390
1.194,0.349,0.451,-1.282,47.424,-11.841
1.141,0.334,0.415,-7.751,52.734,-8.667
1.088,0.309,0.390,-13.855,56.213,-6.897
1.036,0.270,0.377,-16.968,58.350,-6.775
0.987,0.237,0.358,-16.479,59.265,-7.385
0.949,0.253,0.316,-13.000,58.716,-8.179
0.925,0.277,0.276,-8.972,56.458,-10.071
0.891,0.291,0.251,-9.399,54.138,-10.986
0.867,0.272,0.241,-14.709,52.917,-9.583
0.831,0.248,0.229,-22.644,51.758,-6.592
0.804,0.199,0.227,-29.053,50.354,-3.662
0.789,0.163,0.255,-29.846,49.316,-1.892
0.763,0.190,0.257,-24.414,47.913,-1.343
0.735,0.257,0.240,-17.578,46.997,-2.625
0.712,0.282,0.244,-12.817,45.654,-5.005
0.678,0.344,0.217,-11.475,44.617,-7.141
0.649,0.337,0.190,-14.832,43.396,-9.399
0.620,0.297,0.181,-22.644,43.701,-7.935
0.576,0.279,0.172,-33.569,44.312,-2.014
0.543,0.278,0.170,-38.696,42.542,1.160
0.501,0.281,0.155,-38.391,37.659,0.977
0.463,0.295,0.142,-37.109,30.762,-1.038
0.413,0.276,0.147,-34.973,23.254,-3.723
0.379,0.263,0.169,-32.471,15.625,-5.920
0.358,0.261,0.197,-28.870,9.460,-7.874
0.345,0.233,0.242,-25.330,5.432,-8.850
0.336,0.227,0.270,-23.499,4.517,-7.996
0.339,0.232,0.275,-23.193,5.249,-6.470
0.306,0.225,0.254,-23.376,6.287,-5.676
0.262,0.220,0.217,-23.560,5.615,-5.066
0.237,0.204,0.193,-23.071,1.770,-5.859
0.204,0.177,0.169,-21.729,-3.662,-7.080
0.181,0.130,0.142,-20.325,-10.193,-8.118
0.173,0.082,0.115,-17.578,-17.395,-7.935
0.197,0.092,0.091,-13.611,-26.062,-6.226
0.252,0.124,0.089,-7.507,-35.034,-4.150
0.329,0.176,0.095,-3.235,-41.504,-1.709
0.432,0.256,0.126,-1.953,-46.204,1.465
0.502,0.338,0.158,-4.089,-46.753,5.127
0.561,0.407,0.193,-9.766,-44.800,7.812
0.605,0.457,0.233,-16.968,-41.077,9.399
0.652,0.481,0.270,-24.231,-36.377,9.460
0.698,0.457,0.286,-27.954,-31.433,6.348
0.731,0.406,0.278,-26.428,-27.100,0.671
0.746,0.369,0.257,-20.935,-25.269,-5.859
0.756,0.364,0.225,-14.099,-25.330,-12.634
0.772,0.350,0.217,-11.780,-26.184,-16.846
0.770,0.312,0.207,-15.625,-26.306,-18.311
0.749,0.258,0.203,-19.958,-27.100,-19.531
0.747,0.206,0.212,-22.034,-28.259,-20.874
0.781,0.168,0.217,-21.729,-30.212,-23.132
0.826,0.101,0.242,-19.470,-31.494,-26.367
0.879,0.057,0.235,-17.700,-30.823,-28.137
0.901,0.037,0.209,-16.724,-29.480,-28.442
0.932,0.027,0.188,-16.052,-28.625,-27.588
0.937,0.030,0.155,-16.785,-27.832,-26.001
0.947,0.043,0.142,-18.616,-28.442,-23.865
0.972,0.070,0.145,-22.949,-30.151,-20.935
0.999,0.074,0.160,-27.588,-32.898,-19.531
1.045,0.037,0.203,-30.090,-35.156,-19.531
1.098,-0.010,0.255,-28.015,-36.072,-20.996
1.166,-0.035,0.279,-21.912,-34.424,-22.705
1.211,-0.010,0.265,-14.709,-31.555,-24.902
1.223,0.006,0.232,-9.827,-28.625,-26.672
1.222,0.034,0.204,-8.606,-26.245,-27.161
1.191,0.049,0.183,-10.742,-25.269,-26.855
1.231,0.034,0.211,-14.709,-24.292,-26.062
1.256,-0.016,0.264,-17.273,-23.437,-25.146
1.257,-0.048,0.296,-18.372,-25.146,-25.024
1.315,-0.085,0.353,-13.855,-22.766,-25.635
1.372,-0.159,0.426,-8.972,-19.653,-26.428
1.236,-0.005,0.264,-12.756,-26.428,-28.442
1.329,-0.083,0.329,-3.235,-15.015,-29.663
1.299,-0.096,0.324,0.854,-9.460,-28.748
1.331,-0.077,0.367,-3.540,-10.376,-25.757
1.263,-0.052,0.337,-6.775,-11.292,-24.048
1.295,-0.075,0.387,-6.775,-6.958,-23.376
1.271,-0.060,0.383,-3.418,-3.235,-23.315
1.239,-0.063,0.373,-2.502,-0.488,-23.010
1.233,-0.045,0.367,0.549,3.479,-22.644
1.211,-0.048,0.354,3.418,6.653,-23.315
1.186,-0.034,0.327,5.615,10.925,-23.010
1.159,-0.026,0.293,3.540,14.709,-20.325
1.132,-0.040,0.275,-0.977,18.982,-15.808
1.081,-0.039,0.241,-4.333,20.935,-12.390
1.054,-0.039,0.227,-5.432,20.386,-10.376
1.037,-0.032,0.225,-5.188,18.494,-8.667
1.033,-0.028,0.232,-3.601,16.541,-8.118
1.029,-0.013,0.235,0.122,14.587,-9.094
1.016,0.005,0.234,3.113,12.268,-10.986
1.009,0.004,0.244,4.944,12.085,-11.719
0.989,0.001,0.240,4.150,13.489,-11.108
0.980,-0.025,0.255,3.052,15.686,-9.460
0.960,-0.021,0.238,2.747,17.273,-7.629
0.953,-0.011,0.221,3.601,17.517,-6.592
0.934,0.009,0.181,4.211,15.503,-7.446
0.913,0.003,0.151,2.380,12.634,-7.507
0.893,-0.019,0.149,0.061,8.972,-6.958
0.899,-0.026,0.175,-1.831,6.042,-4.517
0.925,-0.026,0.229,-2.136,3.601,-3.052
0.953,-0.019,0.269,-0.122,4.272,-2.869
0.953,-0.005,0.262,3.296,5.798,-4.517
0.947,0.003,0.238,6.653,7.263,-6.836
0.952,0.016,0.225,8.545,7.690,-8.484
0.939,0.034,0.207,8.667,8.484,-7.324
